1;com.popcap.flash.games.pvz.resources.PVZSoundLoader_SOUND_CRAZYDAVEEXTRALONG2_CLASS
2;com.popcap.flash.games.pvz.resources.PVZSoundLoader_SOUND_REVERSE_EXPLOSION_CLASS
3;com.popcap.flash.games.pvz.resources.PVZSoundLoader_SOUND_ROLL_IN_CLASS
4;com.popcap.flash.games.pvz.resources.PVZSoundLoader_SOUND_DIRT_RISE_CLASS
5;com.popcap.flash.games.pvz.resources.PVZSoundLoader_SOUND_PLASTICHIT_CLASS
6;com.popcap.flash.games.pvz.resources.PVZSoundLoader_SOUND_SPLAT2_CLASS
7;com.popcap.flash.games.pvz.resources.PVZSoundLoader_SOUND_CRAZYDAVESHORT3_CLASS
8;com.popcap.flash.games.pvz.resources.PVZSoundLoader_SOUND_GROAN6_CLASS
9;com.popcap.flash.games.pvz.resources.PVZSoundLoader_SOUND_PUFF_CLASS
10;com.popcap.flash.games.pvz.resources.PVZSoundLoader_SOUND_LIMBS_POP2_CLASS
11;com.popcap.flash.games.pvz.resources.PVZSoundLoader_SOUND_BOWLINGIMPACT_CLASS
12;com.popcap.flash.games.pvz.resources.PVZSoundLoader_SOUND_PLANT_CLASS
13;com.popcap.flash.games.pvz.resources.PVZSoundLoader_SOUND_POINTS1_CLASS
14;com.popcap.flash.games.pvz.resources.PVZSoundLoader_SOUND_THROW2_CLASS
15;com.popcap.flash.games.pvz.resources.PVZSoundLoader_SOUND_FROZEN_CLASS
16;com.popcap.flash.games.pvz.resources.PVZSoundLoader_SOUND_CHOMP2_CLASS
17;com.popcap.flash.games.pvz.resources.PVZSoundLoader_SOUND_GRAVEBUTTON_CLASS
18;com.popcap.flash.games.pvz.resources.PVZSoundLoader_SOUND_CRAZYDAVEEXTRALONG1_CLASS
19;com.popcap.flash.games.pvz.resources.PVZSoundLoader_SOUND_BIGCHOMP_CLASS
20;com.popcap.flash.games.pvz.resources.PVZSoundLoader_SOUND_CRAZYDAVEEXTRALONG3_CLASS
21;com.popcap.flash.games.pvz.resources.PVZSoundLoader_SOUND_POLEVAULT_CLASS
22;com.popcap.flash.games.pvz.resources.PVZSoundLoader_SOUND_GROAN2_CLASS
23;com.popcap.flash.games.pvz.resources.PVZSoundLoader_SOUND_GROAN4_CLASS
24;com.popcap.flash.games.pvz.resources.PVZSoundLoader_SOUND_GARGANTUAR_THUMP_CLASS
25;com.popcap.flash.games.pvz.resources.PVZSoundLoader_SOUND_CRAZYDAVECRAZY_CLASS
26;com.popcap.flash.games.pvz.resources.PVZSoundLoader_SOUND_SWING_CLASS
27;com.popcap.flash.games.pvz.resources.PVZSoundLoader_SOUND_PAUSE_CLASS
28;com.popcap.flash.games.pvz.resources.PVZSoundLoader_SOUND_CRAZYDAVESHORT1_CLASS
29;com.popcap.flash.games.pvz.resources.PVZSoundLoader_SOUND_SPLAT_CLASS
30;com.popcap.flash.games.pvz.resources.PVZSoundLoader_SOUND_PLANTGROW_CLASS
31;com.popcap.flash.games.pvz.resources.PVZSoundLoader_SOUND_CHOMP_CLASS
32;com.popcap.flash.games.pvz.resources.PVZSoundLoader_SOUND_POINTS2_CLASS
33;com.popcap.flash.games.pvz.resources.PVZSoundLoader_SOUND_SEEDLIFT_CLASS
34;com.popcap.flash.games.pvz.resources.PVZSoundLoader_SOUND_NEWSPAPER_RARRGH2_CLASS
35;com.popcap.flash.games.pvz.resources.PVZSoundLoader_SOUND_FUME_CLASS
36;com.popcap.flash.games.pvz.resources.PVZSoundLoader_SOUND_GROAN_CLASS
37;com.popcap.flash.games.pvz.resources.PVZSoundLoader_SOUND_LAWNMOWER_CLASS
38;com.popcap.flash.games.pvz.resources.PVZSoundLoader_SOUND_GRAVEBUSTERCHOMP_CLASS
39;com.popcap.flash.games.pvz.resources.PVZSoundLoader_SOUND_POINTS3_CLASS
40;com.popcap.flash.games.pvz.resources.PVZSoundLoader_SOUND_SIREN_CLASS
41;com.popcap.flash.games.pvz.resources.PVZSoundLoader_SOUND_PLANT2_CLASS
42;com.popcap.flash.games.pvz.resources.PVZSoundLoader_SOUND_GROAN3_CLASS
43;com.popcap.flash.games.pvz.resources.PVZSoundLoader_SOUND_THROW3_CLASS
44;com.popcap.flash.games.pvz.resources.PVZSoundLoader_SOUND_GRAVESTONE_RUMBLE_CLASS
45;com.popcap.flash.games.pvz.resources.PVZSoundLoader_SOUND_CRAZYDAVESHORT2_CLASS
46;com.popcap.flash.games.pvz.resources.PVZSoundLoader_SOUND_PRIZE_CLASS
47;com.popcap.flash.games.pvz.resources.PVZSoundLoader_SOUND_SPLAT3_CLASS
48;com.popcap.flash.games.pvz.resources.PVZSoundLoader_SOUND_LIMBS_POP4_CLASS
49;com.popcap.flash.games.pvz.resources.PVZSoundLoader_SOUND_LIMBS_POP3_CLASS
50;com.popcap.flash.games.pvz.resources.PVZSoundLoader_SOUND_POINTS4_CLASS
51;com.popcap.flash.games.pvz.resources.PVZSoundLoader_SOUND_HUGEWAVE_CLASS
52;com.popcap.flash.games.pvz.resources.PVZSoundLoader_SOUND_CRAZYDAVELONG2_CLASS
53;com.popcap.flash.games.pvz.resources.PVZSoundLoader_SOUND_CHOMPSOFT_CLASS
54;com.popcap.flash.games.pvz.resources.PVZSoundLoader_SOUND_CHERRYBOMB_CLASS
55;com.popcap.flash.games.pvz.resources.PVZSoundLoader_SOUND_VASE_BREAKING_CLASS
56;com.popcap.flash.games.pvz.resources.PVZSoundLoader_SOUND_CRAZYDAVESCREAM_CLASS
57;com.popcap.flash.games.pvz.resources.PVZSoundLoader_SOUND_SQUASH_HMM_CLASS
58;com.popcap.flash.games.pvz.resources.PVZSoundLoader_SOUND_POINTS5_CLASS
59;com.popcap.flash.games.pvz.resources.PVZSoundLoader_SOUND_LOADINGBAR_FLOWER_CLASS
60;com.popcap.flash.games.pvz.resources.PVZSoundLoader_SOUND_ZOMBIE_FALLING_2_CLASS
61;com.popcap.flash.games.pvz.resources.PVZSoundLoader_SOUND_LOADINGBAR_ZOMBIE_CLASS
62;com.popcap.flash.games.pvz.resources.PVZSoundLoader_SOUND_AWOOGA_CLASS
63;com.popcap.flash.games.pvz.resources.PVZSoundLoader_SOUND_GROAN5_CLASS
64;com.popcap.flash.games.pvz.resources.PVZSoundLoader_SOUND_DIGGER_ZOMBIE_CLASS
65;com.popcap.flash.games.pvz.resources.PVZSoundLoader_SOUND_NEWSPAPER_RIP_CLASS
66;com.popcap.flash.games.pvz.resources.PVZSoundLoader_SOUND_SNOW_PEA_SPARKLES_CLASS
67;com.popcap.flash.games.pvz.resources.PVZSoundLoader_SOUND_SQUASH_HMM2_CLASS
68;com.popcap.flash.games.pvz.resources.PVZSoundLoader_SOUND_GRASSSTEP_CLASS
69;com.popcap.flash.games.pvz.resources.PVZSoundLoader_SOUND_EXPLOSION_CLASS
70;com.popcap.flash.games.pvz.resources.PVZSoundLoader_SOUND_SHIELDHIT_CLASS
71;com.popcap.flash.games.pvz.resources.PVZSoundLoader_SOUND_SHOVEL_CLASS
72;com.popcap.flash.games.pvz.resources.PVZSoundLoader_SOUND_CRAZYDAVELONG1_CLASS
73;com.popcap.flash.games.pvz.resources.PVZSoundLoader_SOUND_BOWLING_CLASS
74;com.popcap.flash.games.pvz.resources.PVZSoundLoader_SOUND_BLEEP_CLASS
75;com.popcap.flash.games.pvz.resources.PVZSoundLoader_SOUND_BONK_CLASS
76;com.popcap.flash.games.pvz.resources.PVZSoundLoader_SOUND_THROW1_CLASS
77;com.popcap.flash.games.pvz.resources.PVZSoundLoader_SOUND_BOWLINGIMPACT2_CLASS
78;com.popcap.flash.games.pvz.resources.PVZSoundLoader_SOUND_NEWSPAPER_RARRGH_CLASS
79;com.popcap.flash.games.pvz.resources.PVZSoundLoader_SOUND_CRAZYDAVESCREAM2_CLASS
80;com.popcap.flash.games.pvz.resources.PVZSoundLoader_SOUND_PLASTICHIT2_CLASS
81;com.popcap.flash.games.pvz.resources.PVZSoundLoader_SOUND_BUTTONCLICK_CLASS
82;com.popcap.flash.games.pvz.resources.PVZSoundLoader_SOUND_EVILLAUGH_CLASS
83;com.popcap.flash.games.pvz.resources.PVZSoundLoader_SOUND_SHIELDHIT2_CLASS
84;com.popcap.flash.games.pvz.resources.PVZSoundLoader_SOUND_THROW4_CLASS
85;com.popcap.flash.games.pvz.resources.PVZSoundLoader_SOUND_CRAZYDAVELONG3_CLASS
86;com.popcap.flash.games.pvz.resources.PVZSoundLoader_SOUND_TAP2_CLASS
87;com.popcap.flash.games.pvz.resources.PVZSoundLoader_SOUND_READYSETPLANT_CLASS
88;com.popcap.flash.games.pvz.resources.PVZSoundLoader_SOUND_JUICY_CLASS
89;com.popcap.flash.games.pvz.resources.PVZSoundLoader_SOUND_LIMBS_POP1_CLASS
90;com.popcap.flash.games.pvz.resources.PVZSoundLoader_SOUND_SCREAM_CLASS
91;com.popcap.flash.games.pvz.resources.PVZSoundLoader_SOUND_ZOMBIE_FALLING_1_CLASS
92;com.popcap.flash.games.pvz.resources.PVZSoundLoader_SOUND_FINALWAVE_CLASS
93;com.popcap.flash.games.pvz.resources.PVZSoundLoader_SOUND_GULP_CLASS
94;com.popcap.flash.games.pvz.resources.PVZSoundLoader_SOUND_LIMBS_POP5_CLASS
95;com.popcap.flash.games.pvz.resources.PVZSoundLoader_SOUND_BUZZER_CLASS
96;com.popcap.flash.games.pvz.resources.PVZSoundLoader_SOUND_TAP_CLASS
97;com.popcap.flash.games.pvz.resources.PVZImageLoader_IMAGE_SPOTLIGHT_RGB_CLASS
61;com.popcap.flash.games.pvz.resources.PVZSoundLoader_SOUND_LOADINGBAR_ZOMBIE_CLASS
98;com.popcap.flash.games.pvz.resources.PVZImageLoader_IMAGE_REANIM_LEAFBUNCH3_RGB_CLASS
99;com.popcap.flash.games.pvz.resources.PVZImageLoader_IMAGE_CHALLENGE_WINDOW_RGB_CLASS
101;com.popcap.flash.games.pvz.resources.PVZImageLoader_IMAGE_REANIM_ZOMBIE_INNERARM_SCREENDOOR_RGB_CLASS
100;com.popcap.flash.games.pvz.resources.PVZImageLoader_IMAGE_SHOVEL_SMALL_RGB_CLASS
103;com.popcap.flash.games.pvz.resources.PVZImageLoader_IMAGE_REANIM_PUFFSHROOM_BLINK2_RGB_CLASS
102;com.popcap.flash.games.pvz.resources.PVZImageLoader_IMAGE_REANIM_LAWNMOWER_WHEEL1_RGB_CLASS
104;com.popcap.flash.games.pvz.resources.PVZFontLoader_FONT_DWARVENTODCRAFT15_CLASS
105;com.popcap.flash.games.pvz.resources.PVZImageLoader_IMAGE_BUTTON_RIGHT_RGB_CLASS
106;com.popcap.flash.games.pvz.resources.PVZImageLoader_IMAGE_REANIM_SPROUT_BODY_RGB_CLASS
107;com.popcap.flash.games.pvz.resources.PVZImageLoader_IMAGE_REANIM_ZOMBIE_FOOTBALL_LEFTARM_EATINGHAND_RGB_CLASS
108;com.popcap.flash.games.pvz.resources.PVZImageLoader_IMAGE_REANIM_ZOMBIE_HEAD_RGB_CLASS
109;com.popcap.flash.games.pvz.resources.PVZImageLoader_IMAGE_REANIM_ZOMBIE_POLEVAULTER_OUTERLEG_FOOT_RGB_CLASS
110;com.popcap.flash.games.pvz.resources.PVZImageLoader_IMAGE_REANIM_SUNFLOWER_RIGHTPETAL3_RGB_CLASS
111;com.popcap.flash.games.pvz.resources.PVZImageLoader_IMAGE_REANIM_SELECTORSCREEN_CHALLENGES_BUTTON_RGB_CLASS
112;com.popcap.flash.games.pvz.resources.PVZImageLoader_IMAGE_PEA_SPLATS_RGB_CLASS
113;com.popcap.flash.games.pvz.resources.PVZImageLoader_IMAGE_SNOWPEA_SPLATS_RGB_CLASS
114;com.popcap.flash.games.pvz.resources.PVZParticleLoader_PARTICLE_GRAVESTONERISE_CLASS
51;com.popcap.flash.games.pvz.resources.PVZSoundLoader_SOUND_HUGEWAVE_CLASS
115;com.popcap.flash.games.pvz.resources.PVZImageLoader_IMAGE_REANIM_CHERRYBOMB_LEAF1TIP_RGB_CLASS
116;com.popcap.flash.games.pvz.resources.PVZImageLoader_IMAGE_REANIM_PEASHOOTER_HEADLEAF_TIP_TOP_RGB_CLASS
117;com.popcap.flash.games.pvz.resources.PVZImageLoader_IMAGE_REANIM_ZOMBIE_OUTERARM_HAND2_RGB_CLASS
118;com.popcap.flash.games.pvz.resources.PVZImageLoader_IMAGE_REANIM_GROUND_RGB_CLASS
119;com.popcap.flash.games.pvz.resources.PVZImageLoader_IMAGE_REANIM_ZOMBIE_POLEVAULTER_OUTERLEG_UPPER_RGB_CLASS
121;com.popcap.flash.games.pvz.resources.PVZImageLoader_IMAGE_REANIM_PUFFSHROOM_STEM_RGB_CLASS
120;com.popcap.flash.games.pvz.resources.PVZImageLoader_IMAGE_FLAGMETERPARTS_RGB_CLASS
122;com.popcap.flash.games.pvz.resources.PVZParticleLoader_PARTICLE_SNOWPEASPLAT_CLASS
22;com.popcap.flash.games.pvz.resources.PVZSoundLoader_SOUND_GROAN2_CLASS
123;com.popcap.flash.games.pvz.resources.PVZImageLoader_IMAGE_REANIM_SQUASH_EYEBROWS_RGB_CLASS
124;com.popcap.flash.games.pvz.resources.PVZImageLoader_IMAGE_REANIM_SELECTORSCREEN_VASEBREAKER_BUTTON_RGB_CLASS
125;com.popcap.flash.games.pvz.resources.PVZReanimLoader_REANIM_SUN_CLASS
127;com.popcap.flash.games.pvz.resources.PVZImageLoader_IMAGE_DIALOG_BOTTOMRIGHT_RGB_CLASS
126;com.popcap.flash.games.pvz.resources.PVZImageLoader_IMAGE_REANIM_PEASHOOTER_HEADLEAF_NEAREST_RGB_CLASS
128;com.popcap.flash.games.pvz.resources.PVZImageLoader_IMAGE_REANIM_ZOMBIE_CHARRED5_RGB_CLASS
130;com.popcap.flash.games.pvz.resources.PVZImageLoader_IMAGE_SEEDPACKETGLOW_RGB_CLASS
129;com.popcap.flash.games.pvz.resources.PVZImageLoader_IMAGE_SEEDCHOOSER_BUTTON_RGB_CLASS
131;com.popcap.flash.games.pvz.resources.PVZImageLoader_IMAGE_FONT_CONTINUUMBOLD14_ALPHA_CLASS
132;com.popcap.flash.games.pvz.resources.PVZImageLoader_IMAGE_DIALOG_BIGBOTTOMLEFT_RGB_CLASS
133;com.popcap.flash.games.pvz.resources.PVZImageLoader_IMAGE_REANIM_CHOMPER_GROUNDLEAF3_RGB_CLASS
135;com.popcap.flash.games.pvz.resources.PVZImageLoader_IMAGE_REANIM_CRAZYDAVE_MOUTH3_RGB_CLASS
134;com.popcap.flash.games.pvz.resources.PVZReanimLoader_REANIM_LOADBAR_SPROUT_CLASS
136;com.popcap.flash.games.pvz.resources.PVZImageLoader_IMAGE_LEFTFACINGPEASHOOTER_RGB_CLASS
137;com.popcap.flash.games.pvz.resources.PVZImageLoader_IMAGE_REANIM_ZOMBIE_FOOTBALL_RIGHTLEG_FOOT_RGB_CLASS
138;com.popcap.flash.games.pvz.resources.PVZImageLoader_IMAGE_REANIM_DYNOMITE_WICK_RGB_CLASS
139;com.popcap.flash.games.pvz.resources.PVZImageLoader_IMAGE_REANIM_SELECTORSCREEN_ADVENTURE_HIGHLIGHT_RGB_CLASS
140;com.popcap.flash.games.pvz.resources.PVZParticleLoader_PARTICLE_DIGGERRISE_CLASS
141;com.popcap.flash.games.pvz.resources.PVZFontLoader_FONT_CONTINUUMBOLD14_CLASS
142;com.popcap.flash.games.pvz.resources.PVZImageLoader_IMAGE_REANIM_ZOMBIE_FLAG3_RGB_CLASS
143;com.popcap.flash.games.pvz.resources.PVZImageLoader_IMAGE_ICESPARKLE_RGB_CLASS
145;com.popcap.flash.games.pvz.resources.PVZImageLoader_IMAGE_REANIM_FUMESHROOM_HEAD_RGB_CLASS
144;com.popcap.flash.games.pvz.resources.PVZImageLoader_IMAGE_ZOMBIENOTEBLACK3_RGB_CLASS
148;com.popcap.flash.games.pvz.resources.PVZImageLoader_IMAGE_REANIM_ZOMBIE_FOOTBALL_LEFTARM_EATINGLOWER_RGB_CLASS
147;com.popcap.flash.games.pvz.resources.PVZImageLoader_IMAGE_REANIM_CHERRYBOMB_RIGHT3_RGB_CLASS
146;com.popcap.flash.games.pvz.resources.PVZImageLoader_IMAGE_REANIM_SNOWPEA_BLINK1_RGB_CLASS
149;com.popcap.flash.games.pvz.resources.PVZImageLoader_IMAGE_SELECTORSCREEN_QUIT2_RGB_CLASS
150;com.popcap.flash.games.pvz.resources.PVZImageLoader_IMAGE_BACKGROUND2_GAMEOVER_MASK_RGB_CLASS
72;com.popcap.flash.games.pvz.resources.PVZSoundLoader_SOUND_CRAZYDAVELONG1_CLASS
152;com.popcap.flash.games.pvz.resources.PVZImageLoader_IMAGE_REANIM_LEAF1_RGB_CLASS
151;com.popcap.flash.games.pvz.resources.PVZReanimLoader_REANIM_CRAZYDAVE_CLASS
155;com.popcap.flash.games.pvz.resources.PVZImageLoader_IMAGE_CHALLENGE_BACKGROUND_RGB_CLASS
154;com.popcap.flash.games.pvz.resources.PVZImageLoader_IMAGE_REANIM_ZOMBIE_POLEVAULTER_BODY2_RGB_CLASS
153;com.popcap.flash.games.pvz.resources.PVZImageLoader_IMAGE_BACKGROUND2_RGB_CLASS
39;com.popcap.flash.games.pvz.resources.PVZSoundLoader_SOUND_POINTS3_CLASS
156;com.popcap.flash.games.pvz.resources.PVZImageLoader_IMAGE_REANIM_CHOMPER_HEADLEAF2_RGB_CLASS
157;com.popcap.flash.games.pvz.resources.PVZImageLoader_IMAGE_FLAGMETEREMPTY_RGB_CLASS
158;com.popcap.flash.games.pvz.resources.PVZParticleLoader_PARTICLE_PLANTING_CLASS
159;com.popcap.flash.games.pvz.resources.PVZImageLoader_IMAGE_AWARDGLOW_RGB_CLASS
161;com.popcap.flash.games.pvz.resources.PVZImageLoader_IMAGE_REANIM_PEASHOOTER_HEADLEAF_3RDFARTHEST_RGB_CLASS
160;com.popcap.flash.games.pvz.resources.PVZImageLoader_IMAGE_REANIM_PEASHOOTER_HEADLEAF_FARTHEST_RGB_CLASS
162;com.popcap.flash.games.pvz.resources.PVZImageLoader_IMAGE_REANIM_CHERRYBOMB_LEFTEYE14_RGB_CLASS
163;com.popcap.flash.games.pvz.resources.PVZImageLoader_IMAGE_REANIM_LAWNMOWER_DICE_TRICKED_RGB_CLASS
164;com.popcap.flash.games.pvz.resources.PVZImageLoader_IMAGE_REANIM_ZOMBIE_HAND_FINGER3_1_RGB_CLASS
165;com.popcap.flash.games.pvz.resources.PVZImageLoader_IMAGE_REANIM_CHERRYBOMB_RIGHTSTEM_RGB_CLASS
40;com.popcap.flash.games.pvz.resources.PVZSoundLoader_SOUND_SIREN_CLASS
166;com.popcap.flash.games.pvz.resources.PVZImageLoader_IMAGE_REANIM_CHERRYBOMB_LEFTSTEM_RGB_CLASS
167;com.popcap.flash.games.pvz.resources.PVZParticleLoader_PARTICLE_VASESHATTER_CLASS
168;com.popcap.flash.games.pvz.resources.PVZImageLoader_IMAGE_REANIM_CHOMPER_UNDERJAW_RGB_CLASS
169;com.popcap.flash.games.pvz.resources.PVZImageLoader_IMAGE_REANIM_SELECTORSCREEN_STARTADVENTURE_HIGHLIGHT_RGB_CLASS
171;com.popcap.flash.games.pvz.resources.PVZImageLoader_IMAGE_REANIM_CRAZYDAVE_OUTERFINGER4_RGB_CLASS
170;com.popcap.flash.games.pvz.resources.PVZImageLoader_IMAGE_REANIM_ZOMBIE_FOOTBALL_RIGHTARM_HAND_RGB_CLASS
46;com.popcap.flash.games.pvz.resources.PVZSoundLoader_SOUND_PRIZE_CLASS
172;com.popcap.flash.games.pvz.resources.PVZImageLoader_IMAGE_DIALOG_TOPRIGHT_RGB_CLASS
173;com.popcap.flash.games.pvz.resources.PVZImageLoader_IMAGE_SNOWPEA_PARTICLES_RGB_CLASS
174;com.popcap.flash.games.pvz.resources.PVZImageLoader_IMAGE_REANIM_SUNFLOWER_RIGHTPETAL9_RGB_CLASS
175;com.popcap.flash.games.pvz.resources.PVZImageLoader_IMAGE_REANIM_SELECTORSCREEN_SURVIVAL_HIGHLIGHT_RGB_CLASS
176;com.popcap.flash.games.pvz.resources.PVZImageLoader_IMAGE_REANIM_GRAVEBUSTER_TOOTH2_RGB_CLASS
177;com.popcap.flash.games.pvz.resources.PVZParticleLoader_PARTICLE_PUFFSPLAT_CLASS
178;com.popcap.flash.games.pvz.resources.PVZImageLoader_IMAGE_REANIM_SUNFLOWER_RIGHTPETAL2_RGB_CLASS
179;com.popcap.flash.games.pvz.resources.PVZImageLoader_IMAGE_REANIM_CHOMPER_STEM1_RGB_CLASS
180;com.popcap.flash.games.pvz.resources.PVZImageLoader_IMAGE_REANIM_SQUASH_STEM_RGB_CLASS
181;com.popcap.flash.games.pvz.resources.PVZImageLoader_IMAGE_REANIM_SELECTORSCREEN_SHADOW_STARTADVENTURE_RGB_CLASS
69;com.popcap.flash.games.pvz.resources.PVZSoundLoader_SOUND_EXPLOSION_CLASS
11;com.popcap.flash.games.pvz.resources.PVZSoundLoader_SOUND_BOWLINGIMPACT_CLASS
182;com.popcap.flash.games.pvz.resources.PVZImageLoader_IMAGE_REANIM_LAWNMOWER_WHEELPIECE_RGB_CLASS
183;com.popcap.flash.games.pvz.resources.PVZImageLoader_IMAGE_OPTIONS_CHECKBOX0_RGB_CLASS
184;com.popcap.flash.games.pvz.resources.PVZImageLoader_IMAGE_REANIM_ZOMBIE_OUTERLEG_UPPER_RGB_CLASS
185;com.popcap.flash.games.pvz.resources.PVZReanimLoader_REANIM_SUNSHROOM_CLASS
186;com.popcap.flash.games.pvz.resources.PVZImageLoader_IMAGE_AWARDRAYS1_RGB_CLASS
187;com.popcap.flash.games.pvz.resources.PVZImageLoader_IMAGE_REANIM_ZOMBIE_INNERLEG_LOWER_RGB_CLASS
188;com.popcap.flash.games.pvz.resources.PVZImageLoader_IMAGE_REANIM_SUN1_RGB_CLASS
189;com.popcap.flash.games.pvz.resources.PVZImageLoader_IMAGE_SNOWPEA_PUFF_RGB_CLASS
190;com.popcap.flash.games.pvz.resources.PVZImageLoader_IMAGE_REANIM_SUNFLOWER_LEFTPETAL8_RGB_CLASS
191;com.popcap.flash.games.pvz.resources.PVZImageLoader_IMAGE_REANIM_ZOMBIE_CHARRED_PILE1_RGB_CLASS
192;com.popcap.flash.games.pvz.resources.PVZImageLoader_IMAGE_REANIM_SELECTORSCREEN_CHALLENGES_BUTTON_LOCKED_RGB_CLASS
193;com.popcap.flash.games.pvz.resources.PVZImageLoader_IMAGE_DIALOG_CENTERRIGHT_RGB_CLASS
194;com.popcap.flash.games.pvz.resources.PVZImageLoader_IMAGE_REANIM_CHOMPER_HEADLEAF4_RGB_CLASS
196;com.popcap.flash.games.pvz.resources.PVZImageLoader_IMAGE_REANIM_ZOMBIE_POLEVAULTER_INNERARM_LOWER_RGB_CLASS
195;com.popcap.flash.games.pvz.resources.PVZImageLoader_IMAGE_REANIM_ZOMBIE_BUCKET1_RGB_CLASS
197;com.popcap.flash.games.pvz.resources.PVZImageLoader_IMAGE_UPSELL3_RGB_CLASS
198;com.popcap.flash.games.pvz.resources.PVZImageLoader_IMAGE_REANIM_PEASHOOTER_FRONTLEAF_LEFTTIP_RGB_CLASS
199;com.popcap.flash.games.pvz.resources.PVZImageLoader_IMAGE_REANIM_CRAZYDAVE_POT_INSIDE_RGB_CLASS
200;com.popcap.flash.games.pvz.resources.PVZImageLoader_IMAGE_PUFFSHROOM_PUFF2_RGB_CLASS
201;com.popcap.flash.games.pvz.resources.PVZImageLoader_IMAGE_OPTIONS_CHECKBOX1_RGB_CLASS
202;com.popcap.flash.games.pvz.resources.PVZReanimLoader_REANIM_ZOMBIE_POLEVAULTER_CLASS
203;com.popcap.flash.games.pvz.resources.PVZImageLoader_IMAGE_FONT_DWARVENTODCRAFT36BRIGHTGREENINSET_RGB_CLASS
204;com.popcap.flash.games.pvz.resources.PVZImageLoader_IMAGE_REANIM_LEAFBUNCH1_RGB_CLASS
205;com.popcap.flash.games.pvz.resources.PVZImageLoader_IMAGE_SQUASH_RGB_CLASS
59;com.popcap.flash.games.pvz.resources.PVZSoundLoader_SOUND_LOADINGBAR_FLOWER_CLASS
206;com.popcap.flash.games.pvz.resources.PVZImageLoader_IMAGE_REANIM_ZOMBIE_INNERLEG_UPPER_RGB_CLASS
207;com.popcap.flash.games.pvz.resources.PVZImageLoader_IMAGE_REANIM_POTATOMINE_ROCK3_RGB_CLASS
208;com.popcap.flash.games.pvz.resources.PVZImageLoader_IMAGE_REANIM_ZOMBIE_CONE3_RGB_CLASS
209;com.popcap.flash.games.pvz.resources.PVZImageLoader_IMAGE_REANIM_SUNSHROOM_BODY_RGB_CLASS
210;com.popcap.flash.games.pvz.resources.PVZImageLoader_IMAGE_LOADBAR_GRASS_RGB_CLASS
211;com.popcap.flash.games.pvz.resources.PVZReanimLoader_REANIM_HAMMER_CLASS
212;com.popcap.flash.games.pvz.resources.PVZImageLoader_IMAGE_REANIM_ZOMBIE_POLEVAULTER_POLE_RGB_CLASS
17;com.popcap.flash.games.pvz.resources.PVZSoundLoader_SOUND_GRAVEBUTTON_CLASS
213;com.popcap.flash.games.pvz.resources.PVZImageLoader_IMAGE_REANIM_CHOMPER_HEADLEAF1_RGB_CLASS
215;com.popcap.flash.games.pvz.resources.PVZImageLoader_IMAGE_ICE_SPARKLES_RGB_CLASS
214;com.popcap.flash.games.pvz.resources.PVZImageLoader_IMAGE_OPTIONS_BACKTOGAMEBUTTON2_RGB_CLASS
216;com.popcap.flash.games.pvz.resources.PVZParticleLoader_PARTICLE_SEEDPACKETPICKUP_CLASS
218;com.popcap.flash.games.pvz.resources.PVZParticleLoader_PARTICLE_ICETRAP_CLASS
217;com.popcap.flash.games.pvz.resources.PVZImageLoader_IMAGE_REANIM_FLAGCOMPOSITE_RGB_CLASS
219;com.popcap.flash.games.pvz.resources.PVZImageLoader_IMAGE_REANIM_PUFFSHROOM_HEAD_RGB_CLASS
220;com.popcap.flash.games.pvz.resources.PVZImageLoader_IMAGE_REANIM_CRAZYDAVE_INNERFINGER4_RGB_CLASS
221;com.popcap.flash.games.pvz.resources.PVZImageLoader_IMAGE_REANIM_ZOMBIE_PAPER_BODY_RGB_CLASS
222;com.popcap.flash.games.pvz.resources.PVZImageLoader_IMAGE_REANIM_CHERRYBOMB_LEAF3_RGB_CLASS
223;com.popcap.flash.games.pvz.resources.PVZImageLoader_IMAGE_REANIM_CRAZYDAVE_MOUTH1_RGB_CLASS
224;com.popcap.flash.games.pvz.resources.PVZReanimLoader_REANIM_PEASHOOTERSINGLE_CLASS
225;com.popcap.flash.games.pvz.resources.PVZImageLoader_IMAGE_REANIM_SUNFLOWER_LEFTPETAL3_RGB_CLASS
226;com.popcap.flash.games.pvz.resources.PVZImageLoader_IMAGE_REANIM_ZOMBIE_HAND_ARM_RGB_CLASS
229;com.popcap.flash.games.pvz.resources.PVZImageLoader_IMAGE_ZOMBIENOTE3_RGB_CLASS
228;com.popcap.flash.games.pvz.resources.PVZImageLoader_IMAGE_ZOMBIEFINALNOTEBLACK_RGB_CLASS
227;com.popcap.flash.games.pvz.resources.PVZImageLoader_IMAGE_REANIM_CHERRYBOMB_LEFTEYE12_RGB_CLASS
230;com.popcap.flash.games.pvz.resources.PVZImageLoader_IMAGE_REANIM_SODROLLCAP_RGB_CLASS
231;com.popcap.flash.games.pvz.resources.PVZImageLoader_IMAGE_REANIM_GRAVEBUSTER_LEAF2_RGB_CLASS
232;com.popcap.flash.games.pvz.resources.PVZParticleLoader_PARTICLE_PUFFSHROOMTRAIL_CLASS
233;com.popcap.flash.games.pvz.resources.PVZImageLoader_IMAGE_REANIM_SELECTORSCREEN_LEAF2_RGB_CLASS
234;com.popcap.flash.games.pvz.resources.PVZImageLoader_IMAGE_ZOMBIENOTEBLACK2_RGB_CLASS
235;com.popcap.flash.games.pvz.resources.PVZImageLoader_IMAGE_REANIM_DYNOMITE_FUSE3_RGB_CLASS
94;com.popcap.flash.games.pvz.resources.PVZSoundLoader_SOUND_LIMBS_POP5_CLASS
236;com.popcap.flash.games.pvz.resources.PVZImageLoader_IMAGE_REANIM_ZOMBIE_PAPER_LEFTARM_LOWER_RGB_CLASS
237;com.popcap.flash.games.pvz.resources.PVZParticleLoader_PARTICLE_PRESENTPICKUP_CLASS
238;com.popcap.flash.games.pvz.resources.PVZImageLoader_IMAGE_REANIM_ZOMBIE_PAPER_RIGHTLEG_UPPER_RGB_CLASS
239;com.popcap.flash.games.pvz.resources.PVZReanimLoader_REANIM_ZOMBIE_PAPER_CLASS
241;com.popcap.flash.games.pvz.resources.PVZParticleLoader_PARTICLE_ZOMBIEPOLEVALUTHEAD_CLASS
240;com.popcap.flash.games.pvz.resources.PVZImageLoader_IMAGE_REANIM_ZOMBIE_BUCKET3_RGB_CLASS
242;com.popcap.flash.games.pvz.resources.PVZImageLoader_IMAGE_SPOTLIGHT2_RGB_CLASS
243;com.popcap.flash.games.pvz.resources.PVZImageLoader_IMAGE_REANIM_ZOMBIE_HAND_ROCK4_RGB_CLASS
244;com.popcap.flash.games.pvz.resources.PVZImageLoader_IMAGE_REANIM_ZOMBIE_HAND_ROCK6_RGB_CLASS
47;com.popcap.flash.games.pvz.resources.PVZSoundLoader_SOUND_SPLAT3_CLASS
245;com.popcap.flash.games.pvz.resources.PVZReanimLoader_REANIM_SELECTORSCREEN_CLASS
246;com.popcap.flash.games.pvz.resources.PVZImageLoader_IMAGE_REANIM_POTATOMINE_BLINK1_RGB_CLASS
247;com.popcap.flash.games.pvz.resources.PVZReanimLoader_REANIM_SNOWPEA_CLASS
248;com.popcap.flash.games.pvz.resources.PVZParticleLoader_PARTICLE_ZOMBIEHEADLIGHT_CLASS
249;com.popcap.flash.games.pvz.resources.PVZImageLoader_IMAGE_REANIM_WALLNUT_BODY_RGB_CLASS
56;com.popcap.flash.games.pvz.resources.PVZSoundLoader_SOUND_CRAZYDAVESCREAM_CLASS
250;com.popcap.flash.games.pvz.resources.PVZImageLoader_IMAGE_REANIM_ZOMBIE_POLEVAULTER_INNERLEG_LOWER_RGB_CLASS
251;com.popcap.flash.games.pvz.resources.PVZImageLoader_IMAGE_REANIM_FUMESHROOM_BLINK1_RGB_CLASS
14;com.popcap.flash.games.pvz.resources.PVZSoundLoader_SOUND_THROW2_CLASS
252;com.popcap.flash.games.pvz.resources.PVZImageLoader_IMAGE_REANIM_ZOMBIE_POLEVAULTER_OUTERARM_UPPER2_RGB_CLASS
76;com.popcap.flash.games.pvz.resources.PVZSoundLoader_SOUND_THROW1_CLASS
254;com.popcap.flash.games.pvz.resources.PVZImageLoader_IMAGE_SEEDCHOOSER_BUTTON_GLOW_RGB_CLASS
253;com.popcap.flash.games.pvz.resources.PVZImageLoader_IMAGE_REANIM_CHERRYBOMB_LEFTEYE23_RGB_CLASS
67;com.popcap.flash.games.pvz.resources.PVZSoundLoader_SOUND_SQUASH_HMM2_CLASS
255;com.popcap.flash.games.pvz.resources.PVZReanimLoader_REANIM_DYNOMITE_CLASS
257;com.popcap.flash.games.pvz.resources.PVZImageLoader_IMAGE_REANIM_SNOWPEA_HEAD_RGB_CLASS
256;com.popcap.flash.games.pvz.resources.PVZImageLoader_IMAGE_POTATOMINE_PARTICLES_RGB_CLASS
258;com.popcap.flash.games.pvz.resources.PVZImageLoader_IMAGE_REANIM_SELECTORSCREEN_SHADOW_CHALLENGE_RGB_CLASS
259;com.popcap.flash.games.pvz.resources.PVZImageLoader_IMAGE_CONVEYORBELT_BACKDROP_RGB_CLASS
260;com.popcap.flash.games.pvz.resources.PVZImageLoader_IMAGE_REANIM_CHOMPER_TOPJAW_RGB_CLASS
96;com.popcap.flash.games.pvz.resources.PVZSoundLoader_SOUND_TAP_CLASS
261;com.popcap.flash.games.pvz.resources.PVZParticleLoader_PARTICLE_ZOMBIENEWSPAPER_CLASS
262;com.popcap.flash.games.pvz.resources.PVZImageLoader_IMAGE_REANIM_PEASHOOTER_HEADLEAF_TIP_BOTTOM_RGB_CLASS
263;com.popcap.flash.games.pvz.resources.PVZImageLoader_IMAGE_SELECTORSCREEN_MUSIC2_RGB_CLASS
265;com.popcap.flash.games.pvz.resources.PVZImageLoader_IMAGE_REANIM_CHERRYBOMB_RIGHT1_RGB_CLASS
264;com.popcap.flash.games.pvz.resources.PVZImageLoader_IMAGE_REANIM_PUFFSHROOM_BLINK1_RGB_CLASS
266;com.popcap.flash.games.pvz.resources.PVZImageLoader_IMAGE_REANIM_ZOMBIE_CONE2_RGB_CLASS
267;com.popcap.flash.games.pvz.resources.PVZImageLoader_IMAGE_REANIM_PEASHOOTER_BACKLEAF_RIGHTTIP_RGB_CLASS
268;com.popcap.flash.games.pvz.resources.PVZImageLoader_IMAGE_REANIM_ZOMBIE_INNERARM_HAND_RGB_CLASS
269;com.popcap.flash.games.pvz.resources.PVZImageLoader_IMAGE_SEEDPACKET_SMALLER_RGB_CLASS
270;com.popcap.flash.games.pvz.resources.PVZImageLoader_IMAGE_DOWNARROW_RGB_CLASS
272;com.popcap.flash.games.pvz.resources.PVZImageLoader_IMAGE_REANIM_CRAZYDAVE_OUTERFINGER1_RGB_CLASS
271;com.popcap.flash.games.pvz.resources.PVZImageLoader_IMAGE_REANIM_CRAZYDAVE_BODY1_ALPHA_CLASS
273;com.popcap.flash.games.pvz.resources.PVZImageLoader_IMAGE_FLAGMETER_RGB_CLASS
274;com.popcap.flash.games.pvz.resources.PVZImageLoader_IMAGE_REANIM_CHOMPER_INSIDEMOUTH_RGB_CLASS
275;com.popcap.flash.games.pvz.resources.PVZImageLoader_IMAGE_REANIM_SELECTORSCREEN_WOODSIGN1_RGB_CLASS
277;com.popcap.flash.games.pvz.resources.PVZImageLoader_IMAGE_REANIM_CRAZYDAVE_BODY1_RGB_CLASS
276;com.popcap.flash.games.pvz.resources.PVZParticleLoader_PARTICLE_ZOMBIETRAFFICCONE_CLASS
36;com.popcap.flash.games.pvz.resources.PVZSoundLoader_SOUND_GROAN_CLASS
81;com.popcap.flash.games.pvz.resources.PVZSoundLoader_SOUND_BUTTONCLICK_CLASS
279;com.popcap.flash.games.pvz.resources.PVZImageLoader_IMAGE_REANIM_SNOWPEA_BLINK2_RGB_CLASS
278;com.popcap.flash.games.pvz.resources.PVZImageLoader_IMAGE_REANIM_ZOMBIE_HAND_ROCK3_RGB_CLASS
280;com.popcap.flash.games.pvz.resources.PVZImageLoader_IMAGE_SOD1ROW_ALPHA_CLASS
282;com.popcap.flash.games.pvz.resources.PVZImageLoader_IMAGE_REANIM_CHOMPER_STOMACH_RGB_CLASS
281;com.popcap.flash.games.pvz.resources.PVZImageLoader_IMAGE_REANIM_SELECTORSCREEN_BG_CENTER_ALPHA_CLASS
283;com.popcap.flash.games.pvz.resources.PVZImageLoader_IMAGE_SELECTORSCREEN_HELP1_RGB_CLASS
9;com.popcap.flash.games.pvz.resources.PVZSoundLoader_SOUND_PUFF_CLASS
285;com.popcap.flash.games.pvz.resources.PVZImageLoader_IMAGE_REANIM_POTATOMINE_STEM_RGB_CLASS
284;com.popcap.flash.games.pvz.resources.PVZImageLoader_IMAGE_VASE_CHUNKS_RGB_CLASS
286;com.popcap.flash.games.pvz.resources.PVZImageLoader_IMAGE_FONT_DWARVENTODCRAFT18_RGB_CLASS
287;com.popcap.flash.games.pvz.resources.PVZImageLoader_IMAGE_REANIM_CHERRYBOMB_LEFTEYE13_RGB_CLASS
289;com.popcap.flash.games.pvz.resources.PVZImageLoader_IMAGE_PEA_SHADOWS_RGB_CLASS
288;com.popcap.flash.games.pvz.resources.PVZImageLoader_IMAGE_REANIM_DIGGER_RISING_DIRT2_RGB_CLASS
290;com.popcap.flash.games.pvz.resources.PVZImageLoader_IMAGE_REANIM_ZOMBIE_CHARRED10_RGB_CLASS
58;com.popcap.flash.games.pvz.resources.PVZSoundLoader_SOUND_POINTS5_CLASS
291;com.popcap.flash.games.pvz.resources.PVZParticleLoader_PARTICLE_ZOMBIEHELMET_CLASS
293;com.popcap.flash.games.pvz.resources.PVZImageLoader_IMAGE_CHALLENGE_WINDOW_HIGHLIGHT_RGB_CLASS
292;com.popcap.flash.games.pvz.resources.PVZImageLoader_IMAGE_REANIM_CHERRYBOMB_LEFTMOUTH2_RGB_CLASS
294;com.popcap.flash.games.pvz.resources.PVZImageLoader_IMAGE_REANIM_ZOMBIE_PAPER_RIGHTARM_LOWER_RGB_CLASS
295;com.popcap.flash.games.pvz.resources.PVZImageLoader_IMAGE_REANIM_ZOMBIE_FOOTBALL_UPPERBODY2_RGB_CLASS
296;com.popcap.flash.games.pvz.resources.PVZImageLoader_IMAGE_REANIM_POTATOMINE_EYES_RGB_CLASS
297;com.popcap.flash.games.pvz.resources.PVZImageLoader_IMAGE_REANIM_FUMESHROOM_BODY_RGB_CLASS
298;com.popcap.flash.games.pvz.resources.PVZImageLoader_IMAGE_REANIM_ZOMBIE_JAW_RGB_CLASS
299;com.popcap.flash.games.pvz.resources.PVZImageLoader_IMAGE_SELECTORSCREEN_HELP2_RGB_CLASS
300;com.popcap.flash.games.pvz.resources.PVZReanimLoader_REANIM_LOADBAR_ZOMBIEHEAD_CLASS
301;com.popcap.flash.games.pvz.resources.PVZParticleLoader_PARTICLE_ZOMBIEPOLEVAULTARM_CLASS
303;com.popcap.flash.games.pvz.resources.PVZImageLoader_IMAGE_TROPHY_RGB_CLASS
302;com.popcap.flash.games.pvz.resources.PVZImageLoader_IMAGE_TROPHY_HI_RES_RGB_CLASS
304;com.popcap.flash.games.pvz.resources.PVZImageLoader_IMAGE_CONVEYORBELT_RGB_CLASS
305;com.popcap.flash.games.pvz.resources.PVZParticleLoader_PARTICLE_WALLNUTEATLARGE_CLASS
306;com.popcap.flash.games.pvz.resources.PVZImageLoader_IMAGE_REANIM_CHERRYBOMB_LEFTMOUTH4_RGB_CLASS
308;com.popcap.flash.games.pvz.resources.PVZImageLoader_IMAGE_REANIM_ZOMBIE_PAPER_LEFTLEG_LOWER_RGB_CLASS
307;com.popcap.flash.games.pvz.resources.PVZImageLoader_IMAGE_BACKGROUND1_RGB_CLASS
309;com.popcap.flash.games.pvz.resources.PVZImageLoader_IMAGE_PVZ_LOGO_RGB_CLASS
311;com.popcap.flash.games.pvz.resources.PVZFontLoader_FONT_PICO129_CLASS
310;com.popcap.flash.games.pvz.resources.PVZParticleLoader_PARTICLE_MOWERCLOUD_CLASS
313;com.popcap.flash.games.pvz.resources.PVZImageLoader_IMAGE_REANIM_ZOMBIE_FOOTBALL_LEFTARM_HAND_RGB_CLASS
312;com.popcap.flash.games.pvz.resources.PVZImageLoader_IMAGE_SELECTORSCREEN_SOUND1_RGB_CLASS
314;com.popcap.flash.games.pvz.resources.PVZFontLoader_FONT_BRIANNETOD16_CLASS
315;com.popcap.flash.games.pvz.resources.PVZImageLoader_IMAGE_REANIM_ZOMBIE_POLEVAULTER_OUTERARM_LOWER_RGB_CLASS
316;com.popcap.flash.games.pvz.resources.PVZImageLoader_IMAGE_FLAGMETERBAR_RGB_CLASS
318;com.popcap.flash.games.pvz.resources.PVZImageLoader_IMAGE_REANIM_ZOMBIE_FOOTBALL_RIGHTLEG_UPPER_RGB_CLASS
317;com.popcap.flash.games.pvz.resources.PVZParticleLoader_PARTICLE_ZOMBIEHEAD_CLASS
319;com.popcap.flash.games.pvz.resources.PVZImageLoader_IMAGE_REANIM_SUN2_RGB_CLASS
320;com.popcap.flash.games.pvz.resources.PVZImageLoader_IMAGE_REANIM_LEAFBUNCH2_RGB_CLASS
321;com.popcap.flash.games.pvz.resources.PVZFontLoader_FONT_DWARVENTODCRAFT24_CLASS
323;com.popcap.flash.games.pvz.resources.PVZImageLoader_IMAGE_REANIM_CRAZYDAVE_BODY2_RGB_CLASS
322;com.popcap.flash.games.pvz.resources.PVZImageLoader_IMAGE_ZOMBIENOTEBLACK4_RGB_CLASS
324;com.popcap.flash.games.pvz.resources.PVZImageLoader_IMAGE_REANIM_ZOMBIE_HAND_OVERLAY_RGB_CLASS
325;com.popcap.flash.games.pvz.resources.PVZImageLoader_IMAGE_CHERRYBOMB_RGB_CLASS
326;com.popcap.flash.games.pvz.resources.PVZImageLoader_IMAGE_DIRTBIG_RGB_CLASS
327;com.popcap.flash.games.pvz.resources.PVZImageLoader_IMAGE_REANIM_CRAZYDAVE_BEARD_RGB_CLASS
328;com.popcap.flash.games.pvz.resources.PVZImageLoader_IMAGE_PEASHOOTERSINGLE_RGB_CLASS
329;com.popcap.flash.games.pvz.resources.PVZImageLoader_IMAGE_PEASHOOTER_RGB_CLASS
331;com.popcap.flash.games.pvz.resources.PVZImageLoader_IMAGE_REANIM_PEASHOOTER_BLINK1_RGB_CLASS
330;com.popcap.flash.games.pvz.resources.PVZImageLoader_IMAGE_ZOMBIEFINALNOTE_RGB_CLASS
332;com.popcap.flash.games.pvz.resources.PVZImageLoader_IMAGE_BUTTON_LEFT_RGB_CLASS
333;com.popcap.flash.games.pvz.resources.PVZImageLoader_IMAGE_REANIM_DIGGER_RISING_DIRT_RGB_CLASS
334;com.popcap.flash.games.pvz.resources.PVZImageLoader_IMAGE_OPTIONS_SLIDERKNOB2_RGB_CLASS
335;com.popcap.flash.games.pvz.resources.PVZImageLoader_IMAGE_REANIM_ZOMBIE_TIE_RGB_CLASS
336;com.popcap.flash.games.pvz.resources.PVZParticleLoader_PARTICLE_POTATOMINE_CLASS
148;com.popcap.flash.games.pvz.resources.PVZImageLoader_IMAGE_REANIM_ZOMBIE_FOOTBALL_LEFTARM_LOWER_RGB_CLASS
337;com.popcap.flash.games.pvz.resources.PVZImageLoader_IMAGE_REANIM_CHERRYBOMB_LEFTEYE11_RGB_CLASS
338;com.popcap.flash.games.pvz.resources.PVZImageLoader_IMAGE_REANIM_CHERRYBOMB_LEFTEYE24_RGB_CLASS
15;com.popcap.flash.games.pvz.resources.PVZSoundLoader_SOUND_FROZEN_CLASS
340;com.popcap.flash.games.pvz.resources.PVZImageLoader_IMAGE_REANIM_ZOMBIE_PAPER_LEFTARM_UPPER2_RGB_CLASS
339;com.popcap.flash.games.pvz.resources.PVZImageLoader_IMAGE_REANIM_LEAF3_RGB_CLASS
341;com.popcap.flash.games.pvz.resources.PVZImageLoader_IMAGE_LOCK_RGB_CLASS
343;com.popcap.flash.games.pvz.resources.PVZImageLoader_IMAGE_REANIM_GRAVEBUSTER_FACEVINE_RGB_CLASS
342;com.popcap.flash.games.pvz.resources.PVZImageLoader_IMAGE_REANIM_DYNOMITE_RGB_CLASS
344;com.popcap.flash.games.pvz.resources.PVZImageLoader_IMAGE_REANIM_ZOMBIE_UNDERBODY_RGB_CLASS
345;com.popcap.flash.games.pvz.resources.PVZImageLoader_IMAGE_REANIM_CRAZYDAVE_INNERFINGER3_RGB_CLASS
346;com.popcap.flash.games.pvz.resources.PVZImageLoader_IMAGE_REANIM_SUNFLOWER_RIGHTPETAL6_RGB_CLASS
348;com.popcap.flash.games.pvz.resources.PVZImageLoader_IMAGE_REANIM_ZOMBIE_CHARRED3_RGB_CLASS
347;com.popcap.flash.games.pvz.resources.PVZImageLoader_IMAGE_REANIM_ZOMBIE_POLEVAULTER_INNERLEG_TOE_RGB_CLASS
350;com.popcap.flash.games.pvz.resources.PVZImageLoader_IMAGE_POTATOMINEFLASH_RGB_CLASS
349;com.popcap.flash.games.pvz.resources.PVZImageLoader_IMAGE_REANIM_SELECTORSCREEN_LEAF1_RGB_CLASS
28;com.popcap.flash.games.pvz.resources.PVZSoundLoader_SOUND_CRAZYDAVESHORT1_CLASS
351;com.popcap.flash.games.pvz.resources.PVZImageLoader_IMAGE_REANIM_FUMESHROOM_BLINK2_RGB_CLASS
352;com.popcap.flash.games.pvz.resources.PVZImageLoader_IMAGE_BUTTON_DOWN_MIDDLE_RGB_CLASS
353;com.popcap.flash.games.pvz.resources.PVZImageLoader_IMAGE_REANIM_CRAZYDAVE_EYEBROW_RGB_CLASS
354;com.popcap.flash.games.pvz.resources.PVZImageLoader_IMAGE_ICETRAP2_RGB_CLASS
355;com.popcap.flash.games.pvz.resources.PVZImageLoader_IMAGE_REANIM_CHOMPER_HEADLEAF3_RGB_CLASS
357;com.popcap.flash.games.pvz.resources.PVZImageLoader_IMAGE_WHITEPIXEL_RGB_CLASS
356;com.popcap.flash.games.pvz.resources.PVZImageLoader_IMAGE_REANIM_ZOMBIE_PAPER_LEFTARM_UPPER_RGB_CLASS
358;com.popcap.flash.games.pvz.resources.PVZImageLoader_IMAGE_DIALOG_BOTTOMMIDDLE_RGB_CLASS
359;com.popcap.flash.games.pvz.resources.PVZImageLoader_IMAGE_SELECTORSCREEN_OPTIONS2_RGB_CLASS
19;com.popcap.flash.games.pvz.resources.PVZSoundLoader_SOUND_BIGCHOMP_CLASS
360;com.popcap.flash.games.pvz.resources.PVZParticleLoader_PARTICLE_ZOMBIEFOOTBALLHEAD_CLASS
361;com.popcap.flash.games.pvz.resources.PVZImageLoader_IMAGE_REANIM_LAWNMOWER_ENGINE_RGB_CLASS
362;com.popcap.flash.games.pvz.resources.PVZImageLoader_IMAGE_REANIM_ZOMBIE_OUTERARM_LOWER_RGB_CLASS
78;com.popcap.flash.games.pvz.resources.PVZSoundLoader_SOUND_NEWSPAPER_RARRGH_CLASS
7;com.popcap.flash.games.pvz.resources.PVZSoundLoader_SOUND_CRAZYDAVESHORT3_CLASS
363;com.popcap.flash.games.pvz.resources.PVZFontLoader_FONT_DWARVENTODCRAFT36GREENINSET_CLASS
364;com.popcap.flash.games.pvz.resources.PVZImageLoader_IMAGE_REANIM_ZOMBIE_PAPER_RIGHTFOOT_RGB_CLASS
365;com.popcap.flash.games.pvz.resources.PVZImageLoader_IMAGE_FONT_BRIANNETOD16_ALPHA_CLASS
366;com.popcap.flash.games.pvz.resources.PVZImageLoader_IMAGE_TITLESCREEN_RGB_CLASS
25;com.popcap.flash.games.pvz.resources.PVZSoundLoader_SOUND_CRAZYDAVECRAZY_CLASS
367;com.popcap.flash.games.pvz.resources.PVZImageLoader_IMAGE_AWARDRAYS2_RGB_CLASS
368;com.popcap.flash.games.pvz.resources.PVZImageLoader_IMAGE_DIALOG_HEADER_RGB_CLASS
20;com.popcap.flash.games.pvz.resources.PVZSoundLoader_SOUND_CRAZYDAVEEXTRALONG3_CLASS
369;com.popcap.flash.games.pvz.resources.PVZImageLoader_IMAGE_REANIM_ZOMBIE_CHARRED_TAIL_RGB_CLASS
370;com.popcap.flash.games.pvz.resources.PVZImageLoader_IMAGE_REANIM_CHERRYBOMB_RIGHTEYE12_RGB_CLASS
371;com.popcap.flash.games.pvz.resources.PVZImageLoader_IMAGE_PROJECTILEPEA_RGB_CLASS
372;com.popcap.flash.games.pvz.resources.PVZImageLoader_IMAGE_SELECTORSCREEN_SOUNDX_RGB_CLASS
374;com.popcap.flash.games.pvz.resources.PVZImageLoader_IMAGE_REANIM_ZOMBIE_HAND_HAND_RGB_CLASS
373;com.popcap.flash.games.pvz.resources.PVZImageLoader_IMAGE_WALLNUTPARTICLESLARGE_RGB_CLASS
217;com.popcap.flash.games.pvz.resources.PVZImageLoader_IMAGE_REANIM_ZOMBIE_FLAGHAND2_RGB_CLASS
375;com.popcap.flash.games.pvz.resources.PVZImageLoader_IMAGE_REANIM_LAWNMOWER_ENGINE_TRICKED_RGB_CLASS
376;com.popcap.flash.games.pvz.resources.PVZImageLoader_IMAGE_FONT_DWARVENTODCRAFT24_RGB_CLASS
44;com.popcap.flash.games.pvz.resources.PVZSoundLoader_SOUND_GRAVESTONE_RUMBLE_CLASS
378;com.popcap.flash.games.pvz.resources.PVZImageLoader_IMAGE_TOMBSTONES_RGB_CLASS
377;com.popcap.flash.games.pvz.resources.PVZImageLoader_IMAGE_REANIM_ZOMBIE_POLEVAULTER_INNERARM_UPPER_RGB_CLASS
53;com.popcap.flash.games.pvz.resources.PVZSoundLoader_SOUND_CHOMPSOFT_CLASS
379;com.popcap.flash.games.pvz.resources.PVZImageLoader_IMAGE_REANIM_ZOMBIE_INNERLEG_FOOT_RGB_CLASS
381;com.popcap.flash.games.pvz.resources.PVZImageLoader_IMAGE_BUTTON_DOWN_RIGHT_RGB_CLASS
380;com.popcap.flash.games.pvz.resources.PVZImageLoader_IMAGE_REANIM_CHERRYBOMB_RIGHTMOUTH3_RGB_CLASS
382;com.popcap.flash.games.pvz.resources.PVZImageLoader_IMAGE_REANIM_ZOMBIE_FOOTBALL_UPPERBODY3_RGB_CLASS
91;com.popcap.flash.games.pvz.resources.PVZSoundLoader_SOUND_ZOMBIE_FALLING_1_CLASS
383;com.popcap.flash.games.pvz.resources.PVZImageLoader_IMAGE_REANIM_ZOMBIE_POLEVAULTER_OUTERLEG_LOWER_RGB_CLASS
384;com.popcap.flash.games.pvz.resources.PVZImageLoader_IMAGE_REANIM_DIGGER_RISING_DIRT5_RGB_CLASS
85;com.popcap.flash.games.pvz.resources.PVZSoundLoader_SOUND_CRAZYDAVELONG3_CLASS
385;com.popcap.flash.games.pvz.resources.PVZImageLoader_IMAGE_REANIM_ZOMBIE_PAPER_GLASSES_RGB_CLASS
388;com.popcap.flash.games.pvz.resources.PVZImageLoader_IMAGE_REANIM_ZOMBIE_CHARRED8_RGB_CLASS
387;com.popcap.flash.games.pvz.resources.PVZImageLoader_IMAGE_REANIM_ZOMBIE_CHARRED_PILE2_RGB_CLASS
386;com.popcap.flash.games.pvz.resources.PVZImageLoader_IMAGE_PEA_PARTICLES_RGB_CLASS
389;com.popcap.flash.games.pvz.resources.PVZImageLoader_IMAGE_REANIM_ZOMBIE_BUCKET2_RGB_CLASS
390;com.popcap.flash.games.pvz.resources.PVZImageLoader_IMAGE_SUNBANK_RGB_CLASS
391;com.popcap.flash.games.pvz.resources.PVZImageLoader_IMAGE_REANIM_ZOMBIE_OUTERARM_UPPER_RGB_CLASS
392;com.popcap.flash.games.pvz.resources.PVZReanimLoader_REANIM_LAWNMOWER_CLASS
393;com.popcap.flash.games.pvz.resources.PVZImageLoader_IMAGE_REANIM_POTATOMINE_ROCK1_RGB_CLASS
394;com.popcap.flash.games.pvz.resources.PVZImageLoader_IMAGE_REANIM_SUN3_RGB_CLASS
395;com.popcap.flash.games.pvz.resources.PVZImageLoader_IMAGE_WALLNUT_RGB_CLASS
396;com.popcap.flash.games.pvz.resources.PVZImageLoader_IMAGE_REANIM_CHERRYBOMB_RIGHTEYE14_RGB_CLASS
397;com.popcap.flash.games.pvz.resources.PVZImageLoader_IMAGE_CHALLENGE_THUMBNAILS_RGB_CLASS
398;com.popcap.flash.games.pvz.resources.PVZImageLoader_IMAGE_REANIM_WALLNUT_CRACKED1_RGB_CLASS
399;com.popcap.flash.games.pvz.resources.PVZImageLoader_IMAGE_REANIM_SELECTORSCREEN_LEAF3_RGB_CLASS
400;com.popcap.flash.games.pvz.resources.PVZImageLoader_IMAGE_REANIM_CHOMPER_GROUNDLEAF1TIP_RGB_CLASS
401;com.popcap.flash.games.pvz.resources.PVZImageLoader_IMAGE_DIALOG_CENTERMIDDLE_RGB_CLASS
402;com.popcap.flash.games.pvz.resources.PVZImageLoader_IMAGE_REANIM_ZOMBIE_FOOTBALL_HELMET3_RGB_CLASS
403;com.popcap.flash.games.pvz.resources.PVZParticleLoader_PARTICLE_AWARD_CLASS
404;com.popcap.flash.games.pvz.resources.PVZImageLoader_IMAGE_DIALOG_BOTTOMLEFT_RGB_CLASS
405;com.popcap.flash.games.pvz.resources.PVZImageLoader_IMAGE_REANIM_GRAVEBUSTER_TOOTH4_RGB_CLASS
406;com.popcap.flash.games.pvz.resources.PVZImageLoader_IMAGE_REANIM_ZOMBIE_POLEVAULTER_BODY1_RGB_CLASS
407;com.popcap.flash.games.pvz.resources.PVZImageLoader_IMAGE_REANIM_CHOMPER_GROUNDLEAF1_RGB_CLASS
408;com.popcap.flash.games.pvz.resources.PVZImageLoader_IMAGE_REANIM_FUMESHROOM_SPOUT_RGB_CLASS
410;com.popcap.flash.games.pvz.resources.PVZImageLoader_IMAGE_AWARDRAYS_RGB_CLASS
409;com.popcap.flash.games.pvz.resources.PVZImageLoader_IMAGE_REANIM_CHERRYBOMB_RIGHTEYE15_RGB_CLASS
411;com.popcap.flash.games.pvz.resources.PVZImageLoader_IMAGE_PUFFSHROOM_RGB_CLASS
412;com.popcap.flash.games.pvz.resources.PVZImageLoader_IMAGE_REANIM_PEASHOOTER_BACKLEAF_RGB_CLASS
413;com.popcap.flash.games.pvz.resources.PVZImageLoader_IMAGE_REANIM_ZOMBIE_INNERARM_UPPER_RGB_CLASS
414;com.popcap.flash.games.pvz.resources.PVZImageLoader_IMAGE_REANIM_GRAVEBUSTER_TOOTH5_RGB_CLASS
30;com.popcap.flash.games.pvz.resources.PVZSoundLoader_SOUND_PLANTGROW_CLASS
415;com.popcap.flash.games.pvz.resources.PVZImageLoader_IMAGE_REANIM_ZOMBIE_FOOTBALL_UPPERBODY_RGB_CLASS
416;com.popcap.flash.games.pvz.resources.PVZImageLoader_IMAGE_BACKGROUND1UNSODDED_RGB_CLASS
417;com.popcap.flash.games.pvz.resources.PVZImageLoader_IMAGE_FLAGMETERFULL_RGB_CLASS
95;com.popcap.flash.games.pvz.resources.PVZSoundLoader_SOUND_BUZZER_CLASS
418;com.popcap.flash.games.pvz.resources.PVZImageLoader_IMAGE_TOMBSTONES_ALPHA_CLASS
419;com.popcap.flash.games.pvz.resources.PVZImageLoader_IMAGE_REANIM_ZOMBIE_HAIR_RGB_CLASS
420;com.popcap.flash.games.pvz.resources.PVZImageLoader_IMAGE_REANIM_CRAZYDAVE_OUTERFINGER3_RGB_CLASS
421;com.popcap.flash.games.pvz.resources.PVZImageLoader_IMAGE_REANIM_DIGGER_RISING_DIRT7_RGB_CLASS
424;com.popcap.flash.games.pvz.resources.PVZImageLoader_IMAGE_REANIM_ZOMBIE_GLASSES_RGB_CLASS
423;com.popcap.flash.games.pvz.resources.PVZImageLoader_IMAGE_REANIM_SELECTORSCREEN_LEAVES_RGB_CLASS
422;com.popcap.flash.games.pvz.resources.PVZReanimLoader_REANIM_CHERRYBOMB_CLASS
12;com.popcap.flash.games.pvz.resources.PVZSoundLoader_SOUND_PLANT_CLASS
425;com.popcap.flash.games.pvz.resources.PVZImageLoader_IMAGE_LOADBAR_DIRT_RGB_CLASS
426;com.popcap.flash.games.pvz.resources.PVZImageLoader_IMAGE_REANIM_CHOMPER_GROUNDLEAF2_RGB_CLASS
427;com.popcap.flash.games.pvz.resources.PVZImageLoader_IMAGE_REANIM_ZOMBIE_OUTERARM_UPPER2_RGB_CLASS
429;com.popcap.flash.games.pvz.resources.PVZImageLoader_IMAGE_REANIM_ZOMBIE_PAPER_HANDS2_RGB_CLASS
428;com.popcap.flash.games.pvz.resources.PVZParticleLoader_PARTICLE_ARTCHALLENGEPLANT_CLASS
75;com.popcap.flash.games.pvz.resources.PVZSoundLoader_SOUND_BONK_CLASS
430;com.popcap.flash.games.pvz.resources.PVZParticleLoader_PARTICLE_ZOMBIEFLAG_CLASS
431;com.popcap.flash.games.pvz.resources.PVZImageLoader_IMAGE_REANIM_SQUASH_BODY_RGB_CLASS
432;com.popcap.flash.games.pvz.resources.PVZImageLoader_IMAGE_GRAVEDIGGER_RGB_CLASS
433;com.popcap.flash.games.pvz.resources.PVZImageLoader_IMAGE_CHALLENGE_THUMBNAIL_RGB_CLASS
90;com.popcap.flash.games.pvz.resources.PVZSoundLoader_SOUND_SCREAM_CLASS
434;com.popcap.flash.games.pvz.resources.PVZImageLoader_IMAGE_REANIM_POTATOMINE_ROCK5_RGB_CLASS
435;com.popcap.flash.games.pvz.resources.PVZImageLoader_IMAGE_WALLNUTPARTICLESSMALL_RGB_CLASS
80;com.popcap.flash.games.pvz.resources.PVZSoundLoader_SOUND_PLASTICHIT2_CLASS
48;com.popcap.flash.games.pvz.resources.PVZSoundLoader_SOUND_LIMBS_POP4_CLASS
436;com.popcap.flash.games.pvz.resources.PVZParticleLoader_PARTICLE_MOWEREDZOMBIEARM_CLASS
437;com.popcap.flash.games.pvz.resources.PVZReanimLoader_REANIM_FUMESHROOM_CLASS
438;com.popcap.flash.games.pvz.resources.PVZImageLoader_IMAGE_CHOMPER_RGB_CLASS
440;com.popcap.flash.games.pvz.resources.PVZImageLoader_IMAGE_REANIM_SELECTORSCREEN_BG_LEFT_ALPHA_CLASS
439;com.popcap.flash.games.pvz.resources.PVZImageLoader_IMAGE_REANIM_LAWNMOWER_BODY_TRICKED_RGB_CLASS
441;com.popcap.flash.games.pvz.resources.PVZImageLoader_IMAGE_REANIM_CRAZYDAVE_POT_RGB_CLASS
442;com.popcap.flash.games.pvz.resources.PVZImageLoader_IMAGE_ICETRAP_RGB_CLASS
29;com.popcap.flash.games.pvz.resources.PVZSoundLoader_SOUND_SPLAT_CLASS
444;com.popcap.flash.games.pvz.resources.PVZImageLoader_IMAGE_REANIM_SELECTORSCREEN_FLOWER2_RGB_CLASS
443;com.popcap.flash.games.pvz.resources.PVZImageLoader_IMAGE_ZOMBIENOTE1_RGB_CLASS
445;com.popcap.flash.games.pvz.resources.PVZImageLoader_IMAGE_REANIM_CHERRYBOMB_LEFTEYE22_RGB_CLASS
446;com.popcap.flash.games.pvz.resources.PVZImageLoader_IMAGE_REANIM_CRAZYDAVE_HANDINGHAND2_RGB_CLASS
35;com.popcap.flash.games.pvz.resources.PVZSoundLoader_SOUND_FUME_CLASS
447;com.popcap.flash.games.pvz.resources.PVZImageLoader_IMAGE_REANIM_ZOMBIE_SCREENDOOR1_RGB_CLASS
448;com.popcap.flash.games.pvz.resources.PVZImageLoader_IMAGE_REANIM_ANIM_SPROUT_RGB_CLASS
449;com.popcap.flash.games.pvz.resources.PVZImageLoader_IMAGE_STAR40_RGB_CLASS
450;com.popcap.flash.games.pvz.resources.PVZImageLoader_IMAGE_REANIM_ZOMBIE_FOOTBALL_HELMET_RGB_CLASS
451;com.popcap.flash.games.pvz.resources.PVZImageLoader_IMAGE_REANIM_ZOMBIE_POLEVAULTER_OUTERARM_UPPER_RGB_CLASS
453;com.popcap.flash.games.pvz.resources.PVZImageLoader_IMAGE_FLAGMETERFLAG_RGB_CLASS
452;com.popcap.flash.games.pvz.resources.PVZReanimLoader_REANIM_PEASHOOTER_CLASS
454;com.popcap.flash.games.pvz.resources.PVZImageLoader_IMAGE_SEEDCHOOSER_UPSELL_RGB_CLASS
455;com.popcap.flash.games.pvz.resources.PVZParticleLoader_PARTICLE_JACKEXPLODE_CLASS
456;com.popcap.flash.games.pvz.resources.PVZImageLoader_IMAGE_REANIM_CHERRYBOMB_RIGHTEYE25_RGB_CLASS
458;com.popcap.flash.games.pvz.resources.PVZImageLoader_IMAGE_REANIM_ZOMBIE_PAPER_LEFTFOOT_RGB_CLASS
457;com.popcap.flash.games.pvz.resources.PVZImageLoader_IMAGE_REANIM_CHERRYBOMB_LEFTMOUTH1_RGB_CLASS
459;com.popcap.flash.games.pvz.resources.PVZImageLoader_IMAGE_REANIM_ZOMBIE_INNERARM_LOWER_RGB_CLASS
460;com.popcap.flash.games.pvz.resources.PVZImageLoader_IMAGE_DIALOG_BIGBOTTOMMIDDLE_RGB_CLASS
448;com.popcap.flash.games.pvz.resources.PVZImageLoader_IMAGE_REANIM_PEASHOOTER_SPROUT_RGB_CLASS
461;com.popcap.flash.games.pvz.resources.PVZImageLoader_IMAGE_REANIM_CHOMPER_GROUNDLEAF4_RGB_CLASS
462;com.popcap.flash.games.pvz.resources.PVZImageLoader_IMAGE_REANIM_SUNFLOWER_RIGHTPETAL7_RGB_CLASS
463;com.popcap.flash.games.pvz.resources.PVZReanimLoader_REANIM_LAWNMOWEREDZOMBIE_CLASS
465;com.popcap.flash.games.pvz.resources.PVZImageLoader_IMAGE_REANIM_CHERRYBOMB_LEAF1_RGB_CLASS
464;com.popcap.flash.games.pvz.resources.PVZImageLoader_IMAGE_FONT_PIX118BOLD_ALPHA_CLASS
79;com.popcap.flash.games.pvz.resources.PVZSoundLoader_SOUND_CRAZYDAVESCREAM2_CLASS
466;com.popcap.flash.games.pvz.resources.PVZImageLoader_IMAGE_ZOMBIEARM_RGB_CLASS
468;com.popcap.flash.games.pvz.resources.PVZImageLoader_IMAGE_REANIM_LAWNMOWER_BODY_RGB_CLASS
467;com.popcap.flash.games.pvz.resources.PVZImageLoader_IMAGE_REANIM_ZOMBIE_PAPER_HAIRPIECE_RGB_CLASS
469;com.popcap.flash.games.pvz.resources.PVZImageLoader_IMAGE_REANIM_CRAZYDAVE_HEAD_RGB_CLASS
470;com.popcap.flash.games.pvz.resources.PVZImageLoader_IMAGE_ICETRAP_PARTICLES_RGB_CLASS
471;com.popcap.flash.games.pvz.resources.PVZImageLoader_IMAGE_REANIM_ZOMBIE_PAPER_LOWERBODY2_RGB_CLASS
473;com.popcap.flash.games.pvz.resources.PVZImageLoader_IMAGE_REANIM_ZOMBIE_SCREENDOOR3_RGB_CLASS
472;com.popcap.flash.games.pvz.resources.PVZImageLoader_IMAGE_REANIM_SUNFLOWER_BOTTOMPETALS_RGB_CLASS
474;com.popcap.flash.games.pvz.resources.PVZImageLoader_IMAGE_REANIM_CRAZYDAVE_OUTERARM_RGB_CLASS
84;com.popcap.flash.games.pvz.resources.PVZSoundLoader_SOUND_THROW4_CLASS
475;com.popcap.flash.games.pvz.resources.PVZImageLoader_IMAGE_REANIM_CHERRYBOMB_RIGHTEYE11_RGB_CLASS
476;com.popcap.flash.games.pvz.resources.PVZImageLoader_IMAGE_REANIM_ZOMBIE_FOOTBALL_LEFTLEG_LOWER_RGB_CLASS
478;com.popcap.flash.games.pvz.resources.PVZImageLoader_IMAGE_STORE_SPEECHBUBBLE2_RGB_CLASS
477;com.popcap.flash.games.pvz.resources.PVZImageLoader_IMAGE_SEEDPACKETFLASH_RGB_CLASS
23;com.popcap.flash.games.pvz.resources.PVZSoundLoader_SOUND_GROAN4_CLASS
479;com.popcap.flash.games.pvz.resources.PVZImageLoader_IMAGE_REANIM_ZOMBIE_OUTERARM_SCREENDOOR_RGB_CLASS
480;com.popcap.flash.games.pvz.resources.PVZImageLoader_IMAGE_REANIM_LAWNMOWER_WHEEL2_RGB_CLASS
481;com.popcap.flash.games.pvz.resources.PVZImageLoader_IMAGE_REANIM_ZOMBIE_FOOTBALL_RIGHTARM_UPPER_RGB_CLASS
482;com.popcap.flash.games.pvz.resources.PVZParticleLoader_PARTICLE_SEEDPACKETPICK_CLASS
483;com.popcap.flash.games.pvz.resources.PVZImageLoader_IMAGE_REANIM_CHOMPER_SPIKE_RGB_CLASS
4;com.popcap.flash.games.pvz.resources.PVZSoundLoader_SOUND_DIRT_RISE_CLASS
93;com.popcap.flash.games.pvz.resources.PVZSoundLoader_SOUND_GULP_CLASS
484;com.popcap.flash.games.pvz.resources.PVZImageLoader_IMAGE_REANIM_SELECTORSCREEN_CHALLENGES_HIGHLIGHT_RGB_CLASS
485;com.popcap.flash.games.pvz.resources.PVZImageLoader_IMAGE_FLAGMETERHEAD_RGB_CLASS
52;com.popcap.flash.games.pvz.resources.PVZSoundLoader_SOUND_CRAZYDAVELONG2_CLASS
486;com.popcap.flash.games.pvz.resources.PVZImageLoader_IMAGE_REANIM_DYNOMITE_TOP_RGB_CLASS
487;com.popcap.flash.games.pvz.resources.PVZImageLoader_IMAGE_BACKGROUND2_GAMEOVER_INTERIOR_OVERLAY_RGB_CLASS
31;com.popcap.flash.games.pvz.resources.PVZSoundLoader_SOUND_CHOMP_CLASS
488;com.popcap.flash.games.pvz.resources.PVZImageLoader_IMAGE_REANIM_SQUASH_EYES_RGB_CLASS
489;com.popcap.flash.games.pvz.resources.PVZImageLoader_IMAGE_REANIM_CHERRYBOMB_RIGHTEYE24_RGB_CLASS
490;com.popcap.flash.games.pvz.resources.PVZImageLoader_IMAGE_EXPLOSIONCLOUD_RGB_CLASS
491;com.popcap.flash.games.pvz.resources.PVZImageLoader_IMAGE_REANIM_CHERRYBOMB_LEFTEYE15_RGB_CLASS
492;com.popcap.flash.games.pvz.resources.PVZImageLoader_IMAGE_SOD1ROW_RGB_CLASS
64;com.popcap.flash.games.pvz.resources.PVZSoundLoader_SOUND_DIGGER_ZOMBIE_CLASS
493;com.popcap.flash.games.pvz.resources.PVZImageLoader_IMAGE_REANIM_SNOWPEA_CRYSTALS3_RGB_CLASS
494;com.popcap.flash.games.pvz.resources.PVZImageLoader_IMAGE_REANIM_SELECTORSCREEN_WOODSIGN3_RGB_CLASS
495;com.popcap.flash.games.pvz.resources.PVZImageLoader_IMAGE_REANIM_GRAVEBUSTER_TOOTH6_RGB_CLASS
496;com.popcap.flash.games.pvz.resources.PVZFontLoader_FONT_HOUSEOFTERROR28_CLASS
13;com.popcap.flash.games.pvz.resources.PVZSoundLoader_SOUND_POINTS1_CLASS
497;com.popcap.flash.games.pvz.resources.PVZImageLoader_IMAGE_SHOVEL_RGB_CLASS
498;com.popcap.flash.games.pvz.resources.PVZImageLoader_IMAGE_REANIM_LAWNMOWER_EXHAUST_TRICKED_RGB_CLASS
499;com.popcap.flash.games.pvz.resources.PVZImageLoader_IMAGE_REANIM_POTATOMINE_BLINK2_RGB_CLASS
500;com.popcap.flash.games.pvz.resources.PVZImageLoader_IMAGE_REANIM_PEASHOOTER_FRONTLEAF_RIGHTTIP_RGB_CLASS
501;com.popcap.flash.games.pvz.resources.PVZImageLoader_IMAGE_REANIM_CHERRYBOMB_RIGHTEYE13_RGB_CLASS
502;com.popcap.flash.games.pvz.resources.PVZReanimLoader_REANIM_ZOMBIE_HAND_CLASS
504;com.popcap.flash.games.pvz.resources.PVZImageLoader_IMAGE_REANIM_LAWNMOWER_EXHAUST_RGB_CLASS
503;com.popcap.flash.games.pvz.resources.PVZImageLoader_IMAGE_REANIM_SELECTORSCREEN_BG_RIGHT_ALPHA_CLASS
74;com.popcap.flash.games.pvz.resources.PVZSoundLoader_SOUND_BLEEP_CLASS
45;com.popcap.flash.games.pvz.resources.PVZSoundLoader_SOUND_CRAZYDAVESHORT2_CLASS
505;com.popcap.flash.games.pvz.resources.PVZImageLoader_IMAGE_REANIM_SUNFLOWER_LEFTPETAL5_RGB_CLASS
506;com.popcap.flash.games.pvz.resources.PVZImageLoader_IMAGE_REANIM_ZOMBIE_FOOTBALL_OUTERARM_EATINGHAND_RGB_CLASS
507;com.popcap.flash.games.pvz.resources.PVZImageLoader_IMAGE_REANIM_CHERRYBOMB_RIGHTMOUTH4_RGB_CLASS
508;com.popcap.flash.games.pvz.resources.PVZImageLoader_IMAGE_REANIM_ZOMBIE_PAPER_LEFTLEG_UPPER_RGB_CLASS
509;com.popcap.flash.games.pvz.resources.PVZImageLoader_IMAGE_REANIM_SELECTORSCREEN_BG_RIGHT_RGB_CLASS
510;com.popcap.flash.games.pvz.resources.PVZImageLoader_IMAGE_REANIM_ZOMBIE_CHARRED_HEAD_RGB_CLASS
511;com.popcap.flash.games.pvz.resources.PVZImageLoader_IMAGE_REANIM_SUNFLOWER_LEFTPETAL2_RGB_CLASS
512;com.popcap.flash.games.pvz.resources.PVZParticleLoader_PARTICLE_CIRCLEEVENSPACING_CLASS
514;com.popcap.flash.games.pvz.resources.PVZImageLoader_IMAGE_REANIM_CHERRYBOMB_LEFTMOUTH3_RGB_CLASS
513;com.popcap.flash.games.pvz.resources.PVZImageLoader_IMAGE_REANIM_CHERRYBOMB_RIGHTMOUTH1_RGB_CLASS
515;com.popcap.flash.games.pvz.resources.PVZImageLoader_IMAGE_REANIM_SELECTORSCREEN_VASEBREAKER_BUTTON_LOCKED_RGB_CLASS
8;com.popcap.flash.games.pvz.resources.PVZSoundLoader_SOUND_GROAN6_CLASS
516;com.popcap.flash.games.pvz.resources.PVZImageLoader_IMAGE_REANIM_CHERRYBOMB_LEAF2TIP_RGB_CLASS
518;com.popcap.flash.games.pvz.resources.PVZImageLoader_IMAGE_CHALLENGE_BLANK_RGB_CLASS
517;com.popcap.flash.games.pvz.resources.PVZImageLoader_IMAGE_UPSELL4_RGB_CLASS
519;com.popcap.flash.games.pvz.resources.PVZImageLoader_IMAGE_REANIM_PEASHOOTER_STALK_TOP_RGB_CLASS
520;com.popcap.flash.games.pvz.resources.PVZImageLoader_IMAGE_REANIM_FUMESHROOM_TIP_RGB_CLASS
521;com.popcap.flash.games.pvz.resources.PVZImageLoader_IMAGE_REANIM_DIGGER_RISING_DIRT4_RGB_CLASS
269;com.popcap.flash.games.pvz.resources.PVZImageLoader_IMAGE_SEEDBACK_RGB_CLASS
522;com.popcap.flash.games.pvz.resources.PVZImageLoader_IMAGE_REANIM_ZOMBIE_FOOTBALL_HELMET2_RGB_CLASS
523;com.popcap.flash.games.pvz.resources.PVZImageLoader_IMAGE_REANIM_SUNFLOWER_RIGHTPETAL8_RGB_CLASS
524;com.popcap.flash.games.pvz.resources.PVZImageLoader_IMAGE_REANIM_GRAVEBUSTER_HEAD_RGB_CLASS
525;com.popcap.flash.games.pvz.resources.PVZImageLoader_IMAGE_PUFFSHROOM_PUFF1_RGB_CLASS
527;com.popcap.flash.games.pvz.resources.PVZImageLoader_IMAGE_REANIM_ZOMBIESWON_ALPHA_CLASS
526;com.popcap.flash.games.pvz.resources.PVZImageLoader_IMAGE_REANIM_ZOMBIE_PAPER_HEAD_LOOK_RGB_CLASS
528;com.popcap.flash.games.pvz.resources.PVZImageLoader_IMAGE_REANIM_SELECTORSCREEN_LEAF4_RGB_CLASS
529;com.popcap.flash.games.pvz.resources.PVZImageLoader_IMAGE_REANIM_ZOMBIE_CHARRED7_RGB_CLASS
531;com.popcap.flash.games.pvz.resources.PVZImageLoader_IMAGE_SEEDCHOOSER_BUTTON_DISABLED_RGB_CLASS
530;com.popcap.flash.games.pvz.resources.PVZImageLoader_IMAGE_REANIM_SELECTORSCREEN_SHADOW_SURVIVAL_RGB_CLASS
533;com.popcap.flash.games.pvz.resources.PVZImageLoader_IMAGE_REANIM_DIGGER_RISING_DIRT3_RGB_CLASS
532;com.popcap.flash.games.pvz.resources.PVZImageLoader_IMAGE_SNOWFLAKES_RGB_CLASS
89;com.popcap.flash.games.pvz.resources.PVZSoundLoader_SOUND_LIMBS_POP1_CLASS
535;com.popcap.flash.games.pvz.resources.PVZParticleLoader_PARTICLE_COINPICKUPARROW_CLASS
534;com.popcap.flash.games.pvz.resources.PVZImageLoader_IMAGE_SELECTORSCREEN_WOODSIGN_RGB_CLASS
16;com.popcap.flash.games.pvz.resources.PVZSoundLoader_SOUND_CHOMP2_CLASS
536;com.popcap.flash.games.pvz.resources.PVZImageLoader_IMAGE_ZOMBIENOTEBLACK1_RGB_CLASS
537;com.popcap.flash.games.pvz.resources.PVZImageLoader_IMAGE_SCARY_POT_RGB_CLASS
538;com.popcap.flash.games.pvz.resources.PVZImageLoader_IMAGE_REANIM_ZOMBIE_FOOTBALL_LOWERBODY_RGB_CLASS
540;com.popcap.flash.games.pvz.resources.PVZImageLoader_IMAGE_DIRTSMALL_RGB_CLASS
539;com.popcap.flash.games.pvz.resources.PVZImageLoader_IMAGE_REANIM_ZOMBIE_INNERARM_SCREENDOOR_HAND_RGB_CLASS
541;com.popcap.flash.games.pvz.resources.PVZImageLoader_IMAGE_ZOMBIENOTE_RGB_CLASS
543;com.popcap.flash.games.pvz.resources.PVZParticleLoader_PARTICLE_VASESHATTERLEAF_CLASS
542;com.popcap.flash.games.pvz.resources.PVZImageLoader_IMAGE_EXPLOSIONSPUDOW_RGB_CLASS
73;com.popcap.flash.games.pvz.resources.PVZSoundLoader_SOUND_BOWLING_CLASS
544;com.popcap.flash.games.pvz.resources.PVZImageLoader_IMAGE_REANIM_ZOMBIE_PAPER_MADHEAD_RGB_CLASS
545;com.popcap.flash.games.pvz.resources.PVZFontLoader_FONT_HOUSEOFTERROR16_CLASS
546;com.popcap.flash.games.pvz.resources.PVZImageLoader_IMAGE_SHOVELBANK_RGB_CLASS
547;com.popcap.flash.games.pvz.resources.PVZImageLoader_IMAGE_SUNSHROOM_RGB_CLASS
549;com.popcap.flash.games.pvz.resources.PVZImageLoader_IMAGE_OPTIONS_BACKTOGAMEBUTTON0_RGB_CLASS
548;com.popcap.flash.games.pvz.resources.PVZImageLoader_IMAGE_FONT_PICO129_ALPHA_CLASS
550;com.popcap.flash.games.pvz.resources.PVZImageLoader_IMAGE_DIALOG_TOPMIDDLE_RGB_CLASS
77;com.popcap.flash.games.pvz.resources.PVZSoundLoader_SOUND_BOWLINGIMPACT2_CLASS
551;com.popcap.flash.games.pvz.resources.PVZImageLoader_IMAGE_REANIM_LEAF4_RGB_CLASS
552;com.popcap.flash.games.pvz.resources.PVZImageLoader_IMAGE_PLANTSHADOW2_RGB_CLASS
553;com.popcap.flash.games.pvz.resources.PVZImageLoader_IMAGE_SEEDCHOOSER_BUTTON2_RGB_CLASS
554;com.popcap.flash.games.pvz.resources.PVZImageLoader_IMAGE_REANIM_SUNFLOWER_LEFTPETAL7_RGB_CLASS
555;com.popcap.flash.games.pvz.resources.PVZImageLoader_IMAGE_SEEDPACKET_LARGER_RGB_CLASS
556;com.popcap.flash.games.pvz.resources.PVZImageLoader_IMAGE_REANIM_ZOMBIE_HAND_FINGER2_1_RGB_CLASS
557;com.popcap.flash.games.pvz.resources.PVZImageLoader_IMAGE_REANIM_CRAZYDAVE_INNERFINGER2_RGB_CLASS
558;com.popcap.flash.games.pvz.resources.PVZImageLoader_IMAGE_REANIM_PEASHOOTER_MOUTH_RGB_CLASS
559;com.popcap.flash.games.pvz.resources.PVZImageLoader_IMAGE_REANIM_DYNOMITE_FUSE2_RGB_CLASS
560;com.popcap.flash.games.pvz.resources.PVZReanimLoader_REANIM_CHOMPER_CLASS
562;com.popcap.flash.games.pvz.resources.PVZImageLoader_IMAGE_REANIM_CHERRYBOMB_LEAF2_RGB_CLASS
561;com.popcap.flash.games.pvz.resources.PVZImageLoader_IMAGE_SEEDBANK_RGB_CLASS
563;com.popcap.flash.games.pvz.resources.PVZImageLoader_IMAGE_REANIM_SUNFLOWER_RIGHTPETAL1_RGB_CLASS
564;com.popcap.flash.games.pvz.resources.PVZImageLoader_IMAGE_DIALOG_BIGBOTTOMRIGHT_RGB_CLASS
565;com.popcap.flash.games.pvz.resources.PVZImageLoader_IMAGE_REANIM_CHERRYBOMB_LEFT3_RGB_CLASS
66;com.popcap.flash.games.pvz.resources.PVZSoundLoader_SOUND_SNOW_PEA_SPARKLES_CLASS
566;com.popcap.flash.games.pvz.resources.PVZImageLoader_IMAGE_REANIM_PUFFSHROOM_TIP_RGB_CLASS
568;com.popcap.flash.games.pvz.resources.PVZFontLoader_FONT_PIX118BOLD_CLASS
567;com.popcap.flash.games.pvz.resources.PVZImageLoader_IMAGE_REANIM_PEASHOOTER_HEADLEAF_2RDFARTHEST_RGB_CLASS
569;com.popcap.flash.games.pvz.resources.PVZImageLoader_IMAGE_REANIM_ZOMBIE_FOOTBALL_RIGHTLEG_LOWER_RGB_CLASS
570;com.popcap.flash.games.pvz.resources.PVZImageLoader_IMAGE_REANIM_ZOMBIE_PUPILS_RGB_CLASS
571;com.popcap.flash.games.pvz.resources.PVZImageLoader_IMAGE_OPTIONS_STANDARDBUTTON_RGB_CLASS
572;com.popcap.flash.games.pvz.resources.PVZImageLoader_IMAGE_FONT_HOUSEOFTERROR28_RGB_CLASS
573;com.popcap.flash.games.pvz.resources.PVZReanimLoader_REANIM_LEFTPEATER_CLASS
575;com.popcap.flash.games.pvz.resources.PVZParticleLoader_PARTICLE_POWIE_CLASS
574;com.popcap.flash.games.pvz.resources.PVZImageLoader_IMAGE_REANIM_SPROUT_PETAL_RGB_CLASS
576;com.popcap.flash.games.pvz.resources.PVZImageLoader_IMAGE_REANIM_SELECTORSCREEN_BG_LEFT_RGB_CLASS
577;com.popcap.flash.games.pvz.resources.PVZImageLoader_IMAGE_REANIM_SELECTORSCREEN_SHADOW_ADVENTURE_RGB_CLASS
578;com.popcap.flash.games.pvz.resources.PVZImageLoader_IMAGE_REANIM_ZOMBIE_FOOTBALL_LEFTLEG_FOOT_RGB_CLASS
579;com.popcap.flash.games.pvz.resources.PVZImageLoader_IMAGE_REANIM_PEASHOOTER_LIPS_RGB_CLASS
581;com.popcap.flash.games.pvz.resources.PVZImageLoader_IMAGE_REANIM_PEASHOOTER_HEAD_RGB_CLASS
580;com.popcap.flash.games.pvz.resources.PVZImageLoader_IMAGE_REANIM_SELECTORSCREEN_FLOWER3_RGB_CLASS
582;com.popcap.flash.games.pvz.resources.PVZImageLoader_IMAGE_REANIM_ZOMBIE_OUTERLEG_LOWER_RGB_CLASS
583;com.popcap.flash.games.pvz.resources.PVZReanimLoader_REANIM_PUFFSHROOM_CLASS
584;com.popcap.flash.games.pvz.resources.PVZImageLoader_IMAGE_REANIM_HAMMER_2_RGB_CLASS
68;com.popcap.flash.games.pvz.resources.PVZSoundLoader_SOUND_GRASSSTEP_CLASS
71;com.popcap.flash.games.pvz.resources.PVZSoundLoader_SOUND_SHOVEL_CLASS
586;com.popcap.flash.games.pvz.resources.PVZImageLoader_IMAGE_REANIM_PUFFSHROOM_BODY_RGB_CLASS
585;com.popcap.flash.games.pvz.resources.PVZImageLoader_IMAGE_REANIM_PEASHOOTER_BLINK2_RGB_CLASS
587;com.popcap.flash.games.pvz.resources.PVZImageLoader_IMAGE_REANIM_CRAZYDAVE_INNERARM_RGB_CLASS
588;com.popcap.flash.games.pvz.resources.PVZParticleLoader_PARTICLE_PUFFSHROOMMUZZLE_CLASS
83;com.popcap.flash.games.pvz.resources.PVZSoundLoader_SOUND_SHIELDHIT2_CLASS
589;com.popcap.flash.games.pvz.resources.PVZImageLoader_IMAGE_REANIM_ZOMBIE_POLEVAULTER_INNERLEG_FOOT_RGB_CLASS
590;com.popcap.flash.games.pvz.resources.PVZFontLoader_FONT_DWARVENTODCRAFT18_CLASS
591;com.popcap.flash.games.pvz.resources.PVZImageLoader_IMAGE_TOMBSTONE_MOUNDS_RGB_CLASS
41;com.popcap.flash.games.pvz.resources.PVZSoundLoader_SOUND_PLANT2_CLASS
592;com.popcap.flash.games.pvz.resources.PVZImageLoader_IMAGE_REANIM_SELECTORSCREEN_VASEBREAKER_HIGHLIGHT_RGB_CLASS
593;com.popcap.flash.games.pvz.resources.PVZImageLoader_IMAGE_REANIM_SPROUT_BODY2_RGB_CLASS
594;com.popcap.flash.games.pvz.resources.PVZImageLoader_IMAGE_REANIM_SUNSHROOM_HEAD_RGB_CLASS
596;com.popcap.flash.games.pvz.resources.PVZImageLoader_IMAGE_SELECTORSCREEN_OPTIONS1_RGB_CLASS
595;com.popcap.flash.games.pvz.resources.PVZImageLoader_IMAGE_REANIM_SELECTORSCREEN_WOODSIGN2_RGB_CLASS
597;com.popcap.flash.games.pvz.resources.PVZImageLoader_IMAGE_REANIM_ZOMBIE_FOOTBALL_LEFTARM_UPPER2_RGB_CLASS
598;com.popcap.flash.games.pvz.resources.PVZImageLoader_IMAGE_REANIM_ZOMBIESWON_RGB_CLASS
599;com.popcap.flash.games.pvz.resources.PVZImageLoader_IMAGE_REANIM_PEASHOOTER_FRONTLEAF_RGB_CLASS
600;com.popcap.flash.games.pvz.resources.PVZImageLoader_IMAGE_ZOMBIENOTE_ALPHA_CLASS
601;com.popcap.flash.games.pvz.resources.PVZImageLoader_IMAGE_GLOW_PARTICLE1_RGB_CLASS
602;com.popcap.flash.games.pvz.resources.PVZImageLoader_IMAGE_REANIM_ZOMBIE_CHARRED2_RGB_CLASS
603;com.popcap.flash.games.pvz.resources.PVZParticleLoader_PARTICLE_STARBURST_CLASS
3;com.popcap.flash.games.pvz.resources.PVZSoundLoader_SOUND_ROLL_IN_CLASS
604;com.popcap.flash.games.pvz.resources.PVZImageLoader_IMAGE_REANIM_SUNFLOWER_RIGHTPETAL5_RGB_CLASS
605;com.popcap.flash.games.pvz.resources.PVZImageLoader_IMAGE_REANIM_LEAF2_RGB_CLASS
38;com.popcap.flash.games.pvz.resources.PVZSoundLoader_SOUND_GRAVEBUSTERCHOMP_CLASS
607;com.popcap.flash.games.pvz.resources.PVZParticleLoader_PARTICLE_FUMECLOUD_CLASS
606;com.popcap.flash.games.pvz.resources.PVZImageLoader_IMAGE_MINIGAME_TROPHY_RGB_CLASS
608;com.popcap.flash.games.pvz.resources.PVZImageLoader_IMAGE_REANIM_SELECTORSCREEN_BG_RGB_CLASS
609;com.popcap.flash.games.pvz.resources.PVZImageLoader_IMAGE_REANIM_ZOMBIE_FOOTBALL_LEFTARM_UPPER_RGB_CLASS
611;com.popcap.flash.games.pvz.resources.PVZImageLoader_IMAGE_DIALOG_TOPLEFT_RGB_CLASS
610;com.popcap.flash.games.pvz.resources.PVZImageLoader_IMAGE_REANIM_SELECTORSCREEN_STARTADVENTURE_BUTTON1_RGB_CLASS
50;com.popcap.flash.games.pvz.resources.PVZSoundLoader_SOUND_POINTS4_CLASS
612;com.popcap.flash.games.pvz.resources.PVZImageLoader_IMAGE_REANIM_POTATOMINE_ROCK6_RGB_CLASS
613;com.popcap.flash.games.pvz.resources.PVZImageLoader_IMAGE_REANIM_GRAVEBUSTER_LEAF1_RGB_CLASS
6;com.popcap.flash.games.pvz.resources.PVZSoundLoader_SOUND_SPLAT2_CLASS
614;com.popcap.flash.games.pvz.resources.PVZImageLoader_IMAGE_SELECTORSCREEN_MUSIC1_RGB_CLASS
615;com.popcap.flash.games.pvz.resources.PVZFontLoader_FONT_DWARVENTODCRAFT18YELLOW_CLASS
616;com.popcap.flash.games.pvz.resources.PVZImageLoader_IMAGE_BUTTON_MIDDLE_RGB_CLASS
617;com.popcap.flash.games.pvz.resources.PVZImageLoader_IMAGE_REANIM_ZOMBIE_HAND_ROCK5_RGB_CLASS
70;com.popcap.flash.games.pvz.resources.PVZSoundLoader_SOUND_SHIELDHIT_CLASS
618;com.popcap.flash.games.pvz.resources.PVZImageLoader_IMAGE_REANIM_SELECTORSCREEN_WOODSIGN2_PRESS_RGB_CLASS
619;com.popcap.flash.games.pvz.resources.PVZImageLoader_IMAGE_REANIM_ZOMBIE_PAPER_RIGHTARM_UPPER_RGB_CLASS
620;com.popcap.flash.games.pvz.resources.PVZImageLoader_IMAGE_PLANTSHADOW_RGB_CLASS
18;com.popcap.flash.games.pvz.resources.PVZSoundLoader_SOUND_CRAZYDAVEEXTRALONG1_CLASS
621;com.popcap.flash.games.pvz.resources.PVZImageLoader_IMAGE_SOD3ROW_RGB_CLASS
622;com.popcap.flash.games.pvz.resources.PVZImageLoader_IMAGE_REANIM_ZOMBIE_SCREENDOOR2_RGB_CLASS
625;com.popcap.flash.games.pvz.resources.PVZImageLoader_IMAGE_REANIM_ZOMBIE_HAND_ROCK1_RGB_CLASS
624;com.popcap.flash.games.pvz.resources.PVZImageLoader_IMAGE_REANIM_ZOMBIE_NECK_RGB_CLASS
623;com.popcap.flash.games.pvz.resources.PVZImageLoader_IMAGE_REANIM_CRAZYDAVE_INNERHAND_RGB_CLASS
626;com.popcap.flash.games.pvz.resources.PVZImageLoader_IMAGE_ZOMBIEFOOTBALLHEAD_RGB_CLASS
627;com.popcap.flash.games.pvz.resources.PVZImageLoader_IMAGE_REANIM_ZOMBIE_HAND_FINGER4_1_RGB_CLASS
33;com.popcap.flash.games.pvz.resources.PVZSoundLoader_SOUND_SEEDLIFT_CLASS
88;com.popcap.flash.games.pvz.resources.PVZSoundLoader_SOUND_JUICY_CLASS
628;com.popcap.flash.games.pvz.resources.PVZImageLoader_IMAGE_REANIM_CHOMPER_STEM2_RGB_CLASS
63;com.popcap.flash.games.pvz.resources.PVZSoundLoader_SOUND_GROAN5_CLASS
629;com.popcap.flash.games.pvz.resources.PVZImageLoader_IMAGE_REANIM_SNOWPEA_MOUTH_RGB_CLASS
630;com.popcap.flash.games.pvz.resources.PVZImageLoader_IMAGE_REANIM_DIGGER_RISING_DIRT6_RGB_CLASS
631;com.popcap.flash.games.pvz.resources.PVZImageLoader_IMAGE_SUNFLOWER_RGB_CLASS
55;com.popcap.flash.games.pvz.resources.PVZSoundLoader_SOUND_VASE_BREAKING_CLASS
632;com.popcap.flash.games.pvz.resources.PVZImageLoader_IMAGE_REANIM_CRAZYDAVE_OUTERFINGER2_RGB_CLASS
633;com.popcap.flash.games.pvz.resources.PVZImageLoader_IMAGE_SNOWPEA_RGB_CLASS
634;com.popcap.flash.games.pvz.resources.PVZImageLoader_IMAGE_ZOMBIEPOLEVAULTERHEAD_RGB_CLASS
60;com.popcap.flash.games.pvz.resources.PVZSoundLoader_SOUND_ZOMBIE_FALLING_2_CLASS
635;com.popcap.flash.games.pvz.resources.PVZImageLoader_IMAGE_REANIM_ZOMBIE_HAND_ROCK2_RGB_CLASS
636;com.popcap.flash.games.pvz.resources.PVZParticleLoader_PARTICLE_UPSELLARROW_CLASS
637;com.popcap.flash.games.pvz.resources.PVZImageLoader_IMAGE_REANIM_WALLNUT_CRACKED2_RGB_CLASS
638;com.popcap.flash.games.pvz.resources.PVZImageLoader_IMAGE_REANIM_ZOMBIE_CONE1_RGB_CLASS
639;com.popcap.flash.games.pvz.resources.PVZImageLoader_IMAGE_FUMESHROOM_RGB_CLASS
640;com.popcap.flash.games.pvz.resources.PVZImageLoader_IMAGE_REANIM_SNOWPEA_CRYSTALS2_RGB_CLASS
641;com.popcap.flash.games.pvz.resources.PVZParticleLoader_PARTICLE_SNOWPEATRAIL_CLASS
642;com.popcap.flash.games.pvz.resources.PVZImageLoader_IMAGE_REANIM_CHERRYBOMB_LEFTEYE21_RGB_CLASS
644;com.popcap.flash.games.pvz.resources.PVZImageLoader_IMAGE_REANIM_ZOMBIE_HAND_FINGER2_2_RGB_CLASS
643;com.popcap.flash.games.pvz.resources.PVZImageLoader_IMAGE_REANIM_ZOMBIE_HAND_FINGER3_2_RGB_CLASS
645;com.popcap.flash.games.pvz.resources.PVZImageLoader_IMAGE_AWARDRAYS_STAR_RGB_CLASS
647;com.popcap.flash.games.pvz.resources.PVZImageLoader_IMAGE_REANIM_ZOMBIE_HAND_FINGER4_2_RGB_CLASS
646;com.popcap.flash.games.pvz.resources.PVZImageLoader_IMAGE_REANIM_ZOMBIE_TOUPE_RGB_CLASS
648;com.popcap.flash.games.pvz.resources.PVZImageLoader_IMAGE_FLAGMETERLEVELPROGRESS_RGB_CLASS
649;com.popcap.flash.games.pvz.resources.PVZImageLoader_IMAGE_POPCAP_LOGO_RGB_CLASS
650;com.popcap.flash.games.pvz.resources.PVZImageLoader_IMAGE_AWARDSCREEN_BACK_RGB_CLASS
651;com.popcap.flash.games.pvz.resources.PVZImageLoader_IMAGE_REANIM_HAMMER_1_RGB_CLASS
653;com.popcap.flash.games.pvz.resources.PVZImageLoader_IMAGE_REANIM_ZOMBIE_PAPER_PAPER2_RGB_CLASS
652;com.popcap.flash.games.pvz.resources.PVZParticleLoader_PARTICLE_ZOMBIENEWSPAPERHEAD_CLASS
654;com.popcap.flash.games.pvz.resources.PVZParticleLoader_PARTICLE_ZOMBIERISE_CLASS
37;com.popcap.flash.games.pvz.resources.PVZSoundLoader_SOUND_LAWNMOWER_CLASS
655;com.popcap.flash.games.pvz.resources.PVZImageLoader_IMAGE_REANIM_SNOWPEA_CRYSTALS1_RGB_CLASS
657;com.popcap.flash.games.pvz.resources.PVZParticleLoader_PARTICLE_ZOMBIEFOOTBALLARM_CLASS
656;com.popcap.flash.games.pvz.resources.PVZParticleLoader_PARTICLE_ZOMBIEPAIL_CLASS
658;com.popcap.flash.games.pvz.resources.PVZImageLoader_IMAGE_EXPLOSIONPOWIE_RGB_CLASS
659;com.popcap.flash.games.pvz.resources.PVZImageLoader_IMAGE_REANIM_CRAZYDAVE_MOUTH4_RGB_CLASS
660;com.popcap.flash.games.pvz.resources.PVZImageLoader_IMAGE_REANIM_CHERRYBOMB_LEFTEYE25_RGB_CLASS
661;com.popcap.flash.games.pvz.resources.PVZImageLoader_IMAGE_REANIM_GRAVEBUSTER_EYEBROWS_RGB_CLASS
662;com.popcap.flash.games.pvz.resources.PVZImageLoader_IMAGE_REANIM_ZOMBIE_FOOTBALL_HEAD_RGB_CLASS
663;com.popcap.flash.games.pvz.resources.PVZImageLoader_IMAGE_PROJECTILESNOWPEA_RGB_CLASS
664;com.popcap.flash.games.pvz.resources.PVZImageLoader_IMAGE_REANIM_ZOMBIE_HAND_FINGER1_1_RGB_CLASS
665;com.popcap.flash.games.pvz.resources.PVZImageLoader_IMAGE_REANIM_ZOMBIE_POLEVAULTER_POLE2_RGB_CLASS
666;com.popcap.flash.games.pvz.resources.PVZImageLoader_IMAGE_ZOMBIENOTE4_RGB_CLASS
667;com.popcap.flash.games.pvz.resources.PVZImageLoader_IMAGE_REANIM_CHOMPER_GROUNDLEAF2TIP_RGB_CLASS
668;com.popcap.flash.games.pvz.resources.PVZImageLoader_IMAGE_ROCKSMALL_RGB_CLASS
669;com.popcap.flash.games.pvz.resources.PVZImageLoader_IMAGE_REANIM_ZOMBIE_HAND_ROCK7_RGB_CLASS
670;com.popcap.flash.games.pvz.resources.PVZParticleLoader_PARTICLE_ZOMBIEHEADPOOL_CLASS
672;com.popcap.flash.games.pvz.resources.PVZImageLoader_IMAGE_REANIM_PEASHOOTER_STALK_BOTTOM_RGB_CLASS
671;com.popcap.flash.games.pvz.resources.PVZImageLoader_IMAGE_REANIM_POTATOMINE_BODY_RGB_CLASS
673;com.popcap.flash.games.pvz.resources.PVZImageLoader_IMAGE_REANIM_ZOMBIE_OUTERLEG_FOOT_RGB_CLASS
674;com.popcap.flash.games.pvz.resources.PVZParticleLoader_PARTICLE_ICESPARKLE_CLASS
675;com.popcap.flash.games.pvz.resources.PVZImageLoader_IMAGE_REANIM_HAMMER_3_RGB_CLASS
676;com.popcap.flash.games.pvz.resources.PVZParticleLoader_PARTICLE_MOWEREDZOMBIEHEAD_CLASS
677;com.popcap.flash.games.pvz.resources.PVZImageLoader_IMAGE_SELECTORSCREEN_QUIT1_RGB_CLASS
679;com.popcap.flash.games.pvz.resources.PVZImageLoader_IMAGE_REANIM_SODROLL_RGB_CLASS
678;com.popcap.flash.games.pvz.resources.PVZReanimLoader_REANIM_WALLNUT_CLASS
62;com.popcap.flash.games.pvz.resources.PVZSoundLoader_SOUND_AWOOGA_CLASS
680;com.popcap.flash.games.pvz.resources.PVZImageLoader_IMAGE_REANIM_CRAZYDAVE_INNERFINGER1_RGB_CLASS
681;com.popcap.flash.games.pvz.resources.PVZImageLoader_IMAGE_FERTILIZER_RGB_CLASS
682;com.popcap.flash.games.pvz.resources.PVZImageLoader_IMAGE_REANIM_SUNFLOWER_TOPPETALS_RGB_CLASS
683;com.popcap.flash.games.pvz.resources.PVZImageLoader_IMAGE_BRAIN_RGB_CLASS
684;com.popcap.flash.games.pvz.resources.PVZImageLoader_IMAGE_BACKGROUND1_GAMEOVER_MASK_RGB_CLASS
685;com.popcap.flash.games.pvz.resources.PVZParticleLoader_PARTICLE_AWARDPICKUPARROW_CLASS
598;com.popcap.flash.games.pvz.resources.PVZImageLoader_IMAGE_ZOMBIESWON_RGB_CLASS
686;com.popcap.flash.games.pvz.resources.PVZImageLoader_IMAGE_REANIM_ZOMBIE_POLEVAULTER_INNERHAND_RGB_CLASS
687;com.popcap.flash.games.pvz.resources.PVZImageLoader_IMAGE_EDITBOX_ALPHA_CLASS
688;com.popcap.flash.games.pvz.resources.PVZParticleLoader_PARTICLE_DIGGERTUNNEL_CLASS
690;com.popcap.flash.games.pvz.resources.PVZImageLoader_IMAGE_OPTIONS_SLIDERSLOT_RGB_CLASS
689;com.popcap.flash.games.pvz.resources.PVZParticleLoader_PARTICLE_SODROLL_CLASS
21;com.popcap.flash.games.pvz.resources.PVZSoundLoader_SOUND_POLEVAULT_CLASS
691;com.popcap.flash.games.pvz.resources.PVZImageLoader_IMAGE_REANIM_SELECTORSCREEN_ADVENTURE_BUTTON_RGB_CLASS
692;com.popcap.flash.games.pvz.resources.PVZImageLoader_IMAGE_REANIM_ZOMBIE_BODY_RGB_CLASS
693;com.popcap.flash.games.pvz.resources.PVZImageLoader_IMAGE_REANIM_SELECTORSCREEN_SURVIVAL_BUTTON_LOCKED_RGB_CLASS
694;com.popcap.flash.games.pvz.resources.PVZParticleLoader_PARTICLE_GRAVEBUSTER_CLASS
696;com.popcap.flash.games.pvz.resources.PVZImageLoader_IMAGE_REANIM_SELECTORSCREEN_FLOWER1_RGB_CLASS
695;com.popcap.flash.games.pvz.resources.PVZImageLoader_IMAGE_REANIM_ZOMBIE_PAPER_PAPER1_RGB_CLASS
697;com.popcap.flash.games.pvz.resources.PVZImageLoader_IMAGE_BUTTON_DOWN_LEFT_RGB_CLASS
699;com.popcap.flash.games.pvz.resources.PVZImageLoader_IMAGE_REANIM_CHOMPER_TONGUE_RGB_CLASS
698;com.popcap.flash.games.pvz.resources.PVZImageLoader_IMAGE_WHITEELLIPSE_RGB_CLASS
700;com.popcap.flash.games.pvz.resources.PVZImageLoader_IMAGE_BLANK_ALPHA_CLASS
701;com.popcap.flash.games.pvz.resources.PVZImageLoader_IMAGE_REANIM_ZOMBIE_POLEVAULTER_OUTERLEG_TOE_RGB_CLASS
702;com.popcap.flash.games.pvz.resources.PVZImageLoader_IMAGE_FONT_DWARVENTODCRAFT18YELLOW_RGB_CLASS
703;com.popcap.flash.games.pvz.resources.PVZImageLoader_IMAGE_AWARDPICKUPGLOW_RGB_CLASS
704;com.popcap.flash.games.pvz.resources.PVZImageLoader_IMAGE_SURVIVAL_THUMBNAIL_RGB_CLASS
705;com.popcap.flash.games.pvz.resources.PVZImageLoader_IMAGE_REANIM_SUNFLOWER_RIGHTPETAL4_RGB_CLASS
706;com.popcap.flash.games.pvz.resources.PVZImageLoader_IMAGE_REANIM_SELECTORSCREEN_LEAF5_RGB_CLASS
707;com.popcap.flash.games.pvz.resources.PVZReanimLoader_REANIM_SODROLL_CLASS
708;com.popcap.flash.games.pvz.resources.PVZImageLoader_IMAGE_STAR_PARTICLES_RGB_CLASS
710;com.popcap.flash.games.pvz.resources.PVZImageLoader_IMAGE_REANIM_CRAZYDAVE_HANDINGHAND3_RGB_CLASS
709;com.popcap.flash.games.pvz.resources.PVZImageLoader_IMAGE_REANIM_SELECTORSCREEN_BG_CENTER_RGB_CLASS
711;com.popcap.flash.games.pvz.resources.PVZParticleLoader_PARTICLE_GRAVEBUSTERDIE_CLASS
714;com.popcap.flash.games.pvz.resources.PVZImageLoader_IMAGE_REANIM_GRAVEBUSTER_VINES_RGB_CLASS
713;com.popcap.flash.games.pvz.resources.PVZImageLoader_IMAGE_REANIM_POTATOMINE_ROCK2_RGB_CLASS
712;com.popcap.flash.games.pvz.resources.PVZImageLoader_IMAGE_REANIM_POTATOMINE_ROCK4_RGB_CLASS
716;com.popcap.flash.games.pvz.resources.PVZImageLoader_IMAGE_WALLNUT_BOWLINGSTRIPE_RGB_CLASS
715;com.popcap.flash.games.pvz.resources.PVZParticleLoader_PARTICLE_WALLNUTEATSMALL_CLASS
57;com.popcap.flash.games.pvz.resources.PVZSoundLoader_SOUND_SQUASH_HMM_CLASS
717;com.popcap.flash.games.pvz.resources.PVZImageLoader_IMAGE_GLOW_PARTICLE2_RGB_CLASS
719;com.popcap.flash.games.pvz.resources.PVZParticleLoader_PARTICLE_ZOMBIEARM_CLASS
718;com.popcap.flash.games.pvz.resources.PVZParticleLoader_PARTICLE_PEASPLAT_CLASS
720;com.popcap.flash.games.pvz.resources.PVZReanimLoader_REANIM_SUNFLOWER_CLASS
721;com.popcap.flash.games.pvz.resources.PVZImageLoader_IMAGE_REANIM_ZOMBIE_PAPER_HANDS3_RGB_CLASS
722;com.popcap.flash.games.pvz.resources.PVZReanimLoader_REANIM_GRAVEBUSTER_CLASS
723;com.popcap.flash.games.pvz.resources.PVZImageLoader_IMAGE_SELECTORSCREEN_LEVELNUMBERS_RGB_CLASS
724;com.popcap.flash.games.pvz.resources.PVZParticleLoader_PARTICLE_ZOMBIEDOOR_CLASS
725;com.popcap.flash.games.pvz.resources.PVZFontLoader_FONT_DWARVENTODCRAFT36BRIGHTGREENINSET_CLASS
32;com.popcap.flash.games.pvz.resources.PVZSoundLoader_SOUND_POINTS2_CLASS
726;com.popcap.flash.games.pvz.resources.PVZParticleLoader_PARTICLE_SEEDPACKET_CLASS
727;com.popcap.flash.games.pvz.resources.PVZImageLoader_IMAGE_REANIM_CHERRYBOMB_RIGHTEYE22_RGB_CLASS
728;com.popcap.flash.games.pvz.resources.PVZParticleLoader_PARTICLE_SEEDPACKETFLASH_CLASS
729;com.popcap.flash.games.pvz.resources.PVZImageLoader_IMAGE_REANIM_ZOMBIE_PAPER_PAPER3_RGB_CLASS
24;com.popcap.flash.games.pvz.resources.PVZSoundLoader_SOUND_GARGANTUAR_THUMP_CLASS
730;com.popcap.flash.games.pvz.resources.PVZImageLoader_IMAGE_UPSELL1_RGB_CLASS
731;com.popcap.flash.games.pvz.resources.PVZReanimLoader_REANIM_ZOMBIE_CLASS
732;com.popcap.flash.games.pvz.resources.PVZImageLoader_IMAGE_LOCK_OPEN_RGB_CLASS
734;com.popcap.flash.games.pvz.resources.PVZImageLoader_IMAGE_REANIM_CHOMPER_BOTTOMLIP_RGB_CLASS
733;com.popcap.flash.games.pvz.resources.PVZParticleLoader_PARTICLE_SCREENFLASH_CLASS
735;com.popcap.flash.games.pvz.resources.PVZImageLoader_IMAGE_SELECTORSCREEN_SOUND2_RGB_CLASS
34;com.popcap.flash.games.pvz.resources.PVZSoundLoader_SOUND_NEWSPAPER_RARRGH2_CLASS
737;com.popcap.flash.games.pvz.resources.PVZImageLoader_IMAGE_REANIM_CHERRYBOMB_LEFTMOUTH5_RGB_CLASS
736;com.popcap.flash.games.pvz.resources.PVZImageLoader_IMAGE_REANIM_ZOMBIE_PAPER_RIGHTLEG_LOWER_RGB_CLASS
738;com.popcap.flash.games.pvz.resources.PVZImageLoader_IMAGE_UPSELL2_RGB_CLASS
739;com.popcap.flash.games.pvz.resources.PVZImageLoader_IMAGE_REANIM_ZOMBIE_POLEVAULTER_HAIR_RGB_CLASS
54;com.popcap.flash.games.pvz.resources.PVZSoundLoader_SOUND_CHERRYBOMB_CLASS
740;com.popcap.flash.games.pvz.resources.PVZImageLoader_IMAGE_REANIM_POTATOMINE_LIGHT2_RGB_CLASS
742;com.popcap.flash.games.pvz.resources.PVZImageLoader_IMAGE_FONT_DWARVENTODCRAFT15_RGB_CLASS
741;com.popcap.flash.games.pvz.resources.PVZImageLoader_IMAGE_REANIM_SUNFLOWER_LEFTPETAL4_RGB_CLASS
743;com.popcap.flash.games.pvz.resources.PVZImageLoader_IMAGE_ZOMBIENOTE2_RGB_CLASS
744;com.popcap.flash.games.pvz.resources.PVZImageLoader_IMAGE_FONT_HOUSEOFTERROR16OUTLINE_RGB_CLASS
745;com.popcap.flash.games.pvz.resources.PVZImageLoader_IMAGE_REANIM_CHERRYBOMB_RIGHTEYE21_RGB_CLASS
746;com.popcap.flash.games.pvz.resources.PVZImageLoader_IMAGE_REANIM_SUNFLOWER_LEFTPETAL6_RGB_CLASS
42;com.popcap.flash.games.pvz.resources.PVZSoundLoader_SOUND_GROAN3_CLASS
747;com.popcap.flash.games.pvz.resources.PVZImageLoader_IMAGE_ICETRAIL_RGB_CLASS
748;com.popcap.flash.games.pvz.resources.PVZImageLoader_IMAGE_REANIM_CRAZYDAVE_MOUTH6_RGB_CLASS
749;com.popcap.flash.games.pvz.resources.PVZImageLoader_IMAGE_REANIM_CRAZYDAVE_HANDINGHAND_RGB_CLASS
750;com.popcap.flash.games.pvz.resources.PVZImageLoader_IMAGE_SEEDCHOOSER_BUTTON2_GLOW_RGB_CLASS
751;com.popcap.flash.games.pvz.resources.PVZImageLoader_IMAGE_REANIM_DYNOMITE_GLOW_RGB_CLASS
752;com.popcap.flash.games.pvz.resources.PVZImageLoader_IMAGE_REANIM_CHERRYBOMB_RIGHTMOUTH2_RGB_CLASS
43;com.popcap.flash.games.pvz.resources.PVZSoundLoader_SOUND_THROW3_CLASS
753;com.popcap.flash.games.pvz.resources.PVZImageLoader_IMAGE_OPTIONS_MENUBACK_ALPHA_CLASS
755;com.popcap.flash.games.pvz.resources.PVZImageLoader_IMAGE_REANIM_GRAVEBUSTER_TOOTH1_RGB_CLASS
754;com.popcap.flash.games.pvz.resources.PVZImageLoader_IMAGE_SEEDPACKETSILHOUETTE_RGB_CLASS
82;com.popcap.flash.games.pvz.resources.PVZSoundLoader_SOUND_EVILLAUGH_CLASS
756;com.popcap.flash.games.pvz.resources.PVZImageLoader_IMAGE_REANIM_SUNFLOWER_LEFTPETAL1_RGB_CLASS
758;com.popcap.flash.games.pvz.resources.PVZImageLoader_IMAGE_ZOMBIENOTESMALL_RGB_CLASS
757;com.popcap.flash.games.pvz.resources.PVZImageLoader_IMAGE_REANIM_CHERRYBOMB_LEFT1_RGB_CLASS
759;com.popcap.flash.games.pvz.resources.PVZReanimLoader_REANIM_SQUASH_CLASS
760;com.popcap.flash.games.pvz.resources.PVZImageLoader_IMAGE_REANIM_CRAZYDAVE_EYE_RGB_CLASS
761;com.popcap.flash.games.pvz.resources.PVZImageLoader_IMAGE_SURVIVAL_THUMBNAILS_RGB_CLASS
762;com.popcap.flash.games.pvz.resources.PVZReanimLoader_REANIM_ZOMBIE_FOOTBALL_CLASS
763;com.popcap.flash.games.pvz.resources.PVZImageLoader_IMAGE_FONT_HOUSEOFTERROR16_ALPHA_CLASS
765;com.popcap.flash.games.pvz.resources.PVZImageLoader_IMAGE_REANIM_CRAZYDAVE_MOUTH2_RGB_CLASS
764;com.popcap.flash.games.pvz.resources.PVZImageLoader_IMAGE_SHOVEL_HI_RES_RGB_CLASS
766;com.popcap.flash.games.pvz.resources.PVZImageLoader_IMAGE_REANIM_ZOMBIE_FOOTBALL_LEFTLEG_UPPER_RGB_CLASS
767;com.popcap.flash.games.pvz.resources.PVZImageLoader_IMAGE_REANIM_ZOMBIE_CHARRED1_RGB_CLASS
769;com.popcap.flash.games.pvz.resources.PVZImageLoader_IMAGE_REANIM_ZOMBIE_OUTERARM_HAND_RGB_CLASS
768;com.popcap.flash.games.pvz.resources.PVZReanimLoader_REANIM_ZOMBIE_CHARRED_CLASS
771;com.popcap.flash.games.pvz.resources.PVZImageLoader_IMAGE_REANIM_LAWNMOWER_WHEELSHINE_RGB_CLASS
770;com.popcap.flash.games.pvz.resources.PVZParticleLoader_PARTICLE_POTATOMINERISE_CLASS
772;com.popcap.flash.games.pvz.resources.PVZImageLoader_IMAGE_REANIM_GRAVEBUSTER_TOOTH3_RGB_CLASS
773;com.popcap.flash.games.pvz.resources.PVZImageLoader_IMAGE_REANIM_CHOMPER_STEM3_RGB_CLASS
775;com.popcap.flash.games.pvz.resources.PVZImageLoader_IMAGE_REANIM_ZOMBIE_TONGUE_RGB_CLASS
774;com.popcap.flash.games.pvz.resources.PVZImageLoader_IMAGE_ZOMBIEHEAD_RGB_CLASS
776;com.popcap.flash.games.pvz.resources.PVZImageLoader_IMAGE_REANIM_CRAZYDAVE_OUTERHAND_RGB_CLASS
777;com.popcap.flash.games.pvz.resources.PVZImageLoader_IMAGE_REANIM_PEASHOOTER_EYEBROW_RGB_CLASS
778;com.popcap.flash.games.pvz.resources.PVZImageLoader_IMAGE_OPTIONS_MENUBACK_RGB_CLASS
779;com.popcap.flash.games.pvz.resources.PVZImageLoader_IMAGE_REANIM_SPROUT_BODY1_RGB_CLASS
780;com.popcap.flash.games.pvz.resources.PVZImageLoader_IMAGE_SEEDCHOOSER_IMITATERADDON_RGB_CLASS
781;com.popcap.flash.games.pvz.resources.PVZImageLoader_IMAGE_REANIM_ZOMBIE_HAND_FINGER1_2_RGB_CLASS
782;com.popcap.flash.games.pvz.resources.PVZImageLoader_IMAGE_REANIM_PEASHOOTER_BACKLEAF_LEFTTIP_RGB_CLASS
783;com.popcap.flash.games.pvz.resources.PVZImageLoader_IMAGE_REANIM_DIGGER_RISING_DIRT8_RGB_CLASS
784;com.popcap.flash.games.pvz.resources.PVZImageLoader_IMAGE_REANIM_ZOMBIE_CHARRED4_RGB_CLASS
785;com.popcap.flash.games.pvz.resources.PVZImageLoader_IMAGE_SEEDCHOOSER_BACKGROUND_RGB_CLASS
786;com.popcap.flash.games.pvz.resources.PVZImageLoader_IMAGE_REANIM_POTATOMINE_MASHED_RGB_CLASS
787;com.popcap.flash.games.pvz.resources.PVZImageLoader_IMAGE_REANIM_DYNOMITE_FUSE1_RGB_CLASS
788;com.popcap.flash.games.pvz.resources.PVZImageLoader_IMAGE_REANIM_POTATOMINE_LIGHT1_RGB_CLASS
49;com.popcap.flash.games.pvz.resources.PVZSoundLoader_SOUND_LIMBS_POP3_CLASS
789;com.popcap.flash.games.pvz.resources.PVZImageLoader_IMAGE_ZOMBIE_DIGGER_DIRT_RGB_CLASS
527;com.popcap.flash.games.pvz.resources.PVZImageLoader_IMAGE_ZOMBIESWON_ALPHA_CLASS
26;com.popcap.flash.games.pvz.resources.PVZSoundLoader_SOUND_SWING_CLASS
790;com.popcap.flash.games.pvz.resources.PVZImageLoader_IMAGE_EDITBOX_RGB_CLASS
5;com.popcap.flash.games.pvz.resources.PVZSoundLoader_SOUND_PLASTICHIT_CLASS
111;com.popcap.flash.games.pvz.resources.PVZImageLoader_IMAGE_REANIM_SELECTORSCREEN_PUZZLE_BUTTON_RGB_CLASS
791;com.popcap.flash.games.pvz.resources.PVZParticleLoader_PARTICLE_DUST_SQUASH_CLASS
792;com.popcap.flash.games.pvz.resources.PVZImageLoader_IMAGE_REANIM_ZOMBIE_PAPER_LOWERBODY1_RGB_CLASS
793;com.popcap.flash.games.pvz.resources.PVZImageLoader_IMAGE_REANIM_SELECTORSCREEN_SURVIVAL_BUTTON_RGB_CLASS
794;com.popcap.flash.games.pvz.resources.PVZImageLoader_IMAGE_REANIM_SUNFLOWER_HEAD_RGB_CLASS
795;com.popcap.flash.games.pvz.resources.PVZImageLoader_IMAGE_FONT_DWARVENTODCRAFT36GREENINSET_RGB_CLASS
796;com.popcap.flash.games.pvz.resources.PVZImageLoader_IMAGE_SEEDS_RGB_CLASS
27;com.popcap.flash.games.pvz.resources.PVZSoundLoader_SOUND_PAUSE_CLASS
798;com.popcap.flash.games.pvz.resources.PVZImageLoader_IMAGE_REANIM_LAWNMOWER_PULL_RGB_CLASS
797;com.popcap.flash.games.pvz.resources.PVZParticleLoader_PARTICLE_SNOWPEAPUFF_CLASS
92;com.popcap.flash.games.pvz.resources.PVZSoundLoader_SOUND_FINALWAVE_CLASS
65;com.popcap.flash.games.pvz.resources.PVZSoundLoader_SOUND_NEWSPAPER_RIP_CLASS
799;com.popcap.flash.games.pvz.resources.PVZParticleLoader_PARTICLE_VASESHATTERZOMBIE_CLASS
87;com.popcap.flash.games.pvz.resources.PVZSoundLoader_SOUND_READYSETPLANT_CLASS
800;com.popcap.flash.games.pvz.resources.PVZImageLoader_IMAGE_REANIM_ZOMBIE_POLEVAULTER_INNERLEG_UPPER_RGB_CLASS
801;com.popcap.flash.games.pvz.resources.PVZImageLoader_IMAGE_DIALOG_CENTERLEFT_RGB_CLASS
802;com.popcap.flash.games.pvz.resources.PVZImageLoader_IMAGE_REANIM_CHERRYBOMB_RIGHTMOUTH5_RGB_CLASS
10;com.popcap.flash.games.pvz.resources.PVZSoundLoader_SOUND_LIMBS_POP2_CLASS
1;com.popcap.flash.games.pvz.resources.PVZSoundLoader_SOUND_CRAZYDAVEEXTRALONG2_CLASS
803;com.popcap.flash.games.pvz.resources.PVZImageLoader_IMAGE_REANIM_ZOMBIE_FOOTBALL_RIGHTARM_LOWER_RGB_CLASS
2;com.popcap.flash.games.pvz.resources.PVZSoundLoader_SOUND_REVERSE_EXPLOSION_CLASS
804;com.popcap.flash.games.pvz.resources.PVZImageLoader_IMAGE_SOD3ROW_ALPHA_CLASS
805;com.popcap.flash.games.pvz.resources.PVZImageLoader_IMAGE_BACKGROUND1_GAMEOVER_INTERIOR_OVERLAY_RGB_CLASS
806;com.popcap.flash.games.pvz.resources.PVZImageLoader_IMAGE_REANIM_CRAZYDAVE_MOUTH5_RGB_CLASS
807;com.popcap.flash.games.pvz.resources.PVZImageLoader_IMAGE_REANIM_ZOMBIE_CHARRED9_RGB_CLASS
86;com.popcap.flash.games.pvz.resources.PVZSoundLoader_SOUND_TAP2_CLASS
808;com.popcap.flash.games.pvz.resources.PVZImageLoader_IMAGE_REANIM_CHERRYBOMB_RIGHTEYE23_RGB_CLASS
809;com.popcap.flash.games.pvz.resources.PVZImageLoader_IMAGE_REANIM_SELECTORSCREEN_SHADOW_ZENGARDEN_RGB_CLASS
811;com.popcap.flash.games.pvz.resources.PVZImageLoader_IMAGE_REANIM_ZOMBIE_CHARRED6_RGB_CLASS
810;com.popcap.flash.games.pvz.resources.PVZImageLoader_IMAGE_REANIM_ZOMBIE_PAPER_HANDS_RGB_CLASS
0;com.popcap.flash.games.pvz.resources.PVZResources
